{
  "personas": {
    "sadist": {
      "cells": {
        "differential_L25_probeL32|-0.05": {
          "condition": "differential_L25_probeL32",
          "coefficient": -0.05,
          "n_rows": 774,
          "mean_default_pref": 0.48578811369509045,
          "std_default_pref": 0.4997979814761723
        },
        "differential_L25_probeL32|-0.03": {
          "condition": "differential_L25_probeL32",
          "coefficient": -0.03,
          "n_rows": 813,
          "mean_default_pref": 0.5399753997539976,
          "std_default_pref": 0.49839940551179246
        },
        "differential_L25_probeL32|0": {
          "condition": "differential_L25_probeL32",
          "coefficient": 0,
          "n_rows": 835,
          "mean_default_pref": 0.6922155688622754,
          "std_default_pref": 0.46157683551815276
        },
        "differential_L25_probeL32|0.03": {
          "condition": "differential_L25_probeL32",
          "coefficient": 0.03,
          "n_rows": 822,
          "mean_default_pref": 0.6301703163017032,
          "std_default_pref": 0.48275841655419593
        },
        "differential_L25_probeL32|0.05": {
          "condition": "differential_L25_probeL32",
          "coefficient": 0.05,
          "n_rows": 821,
          "mean_default_pref": 0.5968331303288672,
          "std_default_pref": 0.4905337346918279
        },
        "differential_L25_random|-0.03": {
          "condition": "differential_L25_random",
          "coefficient": -0.03,
          "n_rows": 832,
          "mean_default_pref": 0.6766826923076923,
          "std_default_pref": 0.46774269234153226
        },
        "differential_L25_random|0": {
          "condition": "differential_L25_random",
          "coefficient": 0,
          "n_rows": 843,
          "mean_default_pref": 0.67497034400949,
          "std_default_pref": 0.46838592924766725
        },
        "differential_L25_random|0.03": {
          "condition": "differential_L25_random",
          "coefficient": 0.03,
          "n_rows": 839,
          "mean_default_pref": 0.6912991656734208,
          "std_default_pref": 0.4619573889577404
        }
      },
      "baseline_pair_mean_default_pref": {
        "pair_0148": 0.15,
        "pair_0044": 1.0,
        "pair_0379": 0.5,
        "pair_0343": 1.0,
        "pair_0142": 1.0,
        "pair_0214": 0.95,
        "pair_0332": 1.0,
        "pair_0016": 0.7,
        "pair_0279": 0.8823529411764706,
        "pair_0454": 0.55,
        "pair_0424": 1.0,
        "pair_0496": 1.0,
        "pair_0360": 1.0,
        "pair_0183": 1.0,
        "pair_0140": 0.25,
        "pair_0349": 1.0,
        "pair_0325": 0.6,
        "pair_0366": 0.5,
        "pair_0359": 1.0,
        "pair_0063": 0.55,
        "pair_0023": 1.0,
        "pair_0051": 0.5,
        "pair_0316": 0.95,
        "pair_0287": 0.4166666666666667,
        "pair_0186": 0.0,
        "pair_0049": 0.0,
        "pair_0107": 0.3333333333333333,
        "pair_0309": 1.0,
        "pair_0136": 0.5,
        "pair_0327": 0.0,
        "pair_0111": 1.0,
        "pair_0083": 0.36363636363636365,
        "pair_0483": 0.5,
        "pair_0116": 0.7142857142857143,
        "pair_0047": 0.0,
        "pair_0444": 1.0,
        "pair_0282": 0.5625,
        "pair_0114": 1.0,
        "pair_0125": 1.0,
        "pair_0013": 1.0,
        "pair_0235": 1.0,
        "pair_0258": 1.0,
        "pair_0150": 0.9473684210526315,
        "pair_0135": 0.2857142857142857,
        "pair_0003": 0.9444444444444444,
        "pair_0216": 1.0,
        "pair_0480": 0.0,
        "pair_0012": 1.0,
        "pair_0079": 0.5,
        "pair_0036": 0.0,
        "pair_0301": 1.0,
        "pair_0071": 0.9333333333333333,
        "pair_0022": 0.0,
        "pair_0373": 1.0,
        "pair_0040": 0.5789473684210527,
        "pair_0015": 0.17647058823529413,
        "pair_0412": 1.0,
        "pair_0388": 0.625,
        "pair_0308": 1.0,
        "pair_0414": 1.0,
        "pair_0456": 1.0,
        "pair_0447": 0.5,
        "pair_0194": 0.47058823529411764,
        "pair_0331": 1.0,
        "pair_0174": 1.0,
        "pair_0098": 1.0,
        "pair_0274": 0.0,
        "pair_0413": 1.0,
        "pair_0110": 1.0,
        "pair_0377": 0.0,
        "pair_0229": 0.5,
        "pair_0232": 1.0,
        "pair_0101": 0.07692307692307693,
        "pair_0478": 1.0,
        "pair_0172": 0.55,
        "pair_0395": 0.5,
        "pair_0470": 1.0,
        "pair_0112": 0.5,
        "pair_0119": 1.0,
        "pair_0486": 0.07692307692307693,
        "pair_0445": 1.0,
        "pair_0035": 0.5,
        "pair_0181": 0.4444444444444444,
        "pair_0390": 1.0,
        "pair_0464": 1.0,
        "pair_0185": 0.0,
        "pair_0176": 0.5,
        "pair_0433": 1.0,
        "pair_0346": 1.0,
        "pair_0295": 0.6428571428571429,
        "pair_0338": 0.5,
        "pair_0302": 0.0,
        "pair_0321": 0.0,
        "pair_0057": 0.3125,
        "pair_0490": 1.0,
        "pair_0193": 0.2857142857142857,
        "pair_0052": 0.0,
        "pair_0189": 1.0,
        "pair_0081": 1.0,
        "pair_0357": 1.0
      }
    },
    "villain": {
      "cells": {
        "differential_L25_probeL32|-0.05": {
          "condition": "differential_L25_probeL32",
          "coefficient": -0.05,
          "n_rows": 960,
          "mean_default_pref": 0.48125,
          "std_default_pref": 0.4996483138168285
        },
        "differential_L25_probeL32|-0.03": {
          "condition": "differential_L25_probeL32",
          "coefficient": -0.03,
          "n_rows": 960,
          "mean_default_pref": 0.5166666666666667,
          "std_default_pref": 0.49972214501883166
        },
        "differential_L25_probeL32|0": {
          "condition": "differential_L25_probeL32",
          "coefficient": 0,
          "n_rows": 959,
          "mean_default_pref": 0.6444212721584984,
          "std_default_pref": 0.4786883079292003
        },
        "differential_L25_probeL32|0.03": {
          "condition": "differential_L25_probeL32",
          "coefficient": 0.03,
          "n_rows": 960,
          "mean_default_pref": 0.63125,
          "std_default_pref": 0.48246599621113195
        },
        "differential_L25_probeL32|0.05": {
          "condition": "differential_L25_probeL32",
          "coefficient": 0.05,
          "n_rows": 960,
          "mean_default_pref": 0.571875,
          "std_default_pref": 0.4948070173057371
        },
        "differential_L25_random|-0.03": {
          "condition": "differential_L25_random",
          "coefficient": -0.03,
          "n_rows": 960,
          "mean_default_pref": 0.6447916666666667,
          "std_default_pref": 0.478576402744524
        },
        "differential_L25_random|0": {
          "condition": "differential_L25_random",
          "coefficient": 0,
          "n_rows": 960,
          "mean_default_pref": 0.6375,
          "std_default_pref": 0.4807221130757352
        },
        "differential_L25_random|0.03": {
          "condition": "differential_L25_random",
          "coefficient": 0.03,
          "n_rows": 960,
          "mean_default_pref": 0.6583333333333333,
          "std_default_pref": 0.4742684425044065
        }
      },
      "baseline_pair_mean_default_pref": {
        "pair_0148": 0.0,
        "pair_0044": 1.0,
        "pair_0379": 0.55,
        "pair_0343": 1.0,
        "pair_0142": 1.0,
        "pair_0214": 1.0,
        "pair_0332": 1.0,
        "pair_0016": 0.65,
        "pair_0279": 1.0,
        "pair_0454": 0.95,
        "pair_0424": 1.0,
        "pair_0496": 0.5,
        "pair_0360": 1.0,
        "pair_0183": 1.0,
        "pair_0140": 0.0,
        "pair_0349": 1.0,
        "pair_0325": 0.5,
        "pair_0366": 0.85,
        "pair_0359": 1.0,
        "pair_0063": 0.75,
        "pair_0023": 1.0,
        "pair_0051": 0.75,
        "pair_0316": 1.0,
        "pair_0287": 0.95,
        "pair_0186": 0.0,
        "pair_0049": 0.0,
        "pair_0107": 0.5,
        "pair_0309": 1.0,
        "pair_0136": 0.0,
        "pair_0327": 0.4,