{
  "parse_rates": {
    "baseline": {
      "valid": 9311,
      "total": 10000,
      "rate": 0.9311
    },
    "prompt_last_pos": {
      "valid": 4690,
      "total": 5000,
      "rate": 0.938
    },
    "prompt_last_neg": {
      "valid": 4629,
      "total": 5000,
      "rate": 0.9258
    },
    "eot_pos": {
      "valid": 4919,
      "total": 5000,
      "rate": 0.9838
    },
    "eot_neg": {
      "valid": 4912,
      "total": 5000,
      "rate": 0.9824
    }
  },
  "ordering_diffs": {
    "baseline": {
      "mean": 0.22974137931034483,
      "ci_lo": 0.1704741379310345,
      "ci_hi": 0.2879310344827586,
      "n": 464
    },
    "prompt_last_pos": {
      "mean": 0.5130620985010708,
      "ci_lo": 0.4582441113490364,
      "ci_hi": 0.5665952890792292,
      "n": 467
    },
    "prompt_last_neg": {
      "mean": 0.0682900432900433,
      "ci_lo": 0.0073593073593073615,
      "ci_hi": 0.1281439393939393,
      "n": 462
    },
    "eot_pos": {
      "mean": 0.5720081135902637,
      "ci_lo": 0.5208924949290061,
      "ci_hi": 0.6226166328600405,
      "n": 493
    },
    "eot_neg": {
      "mean": -0.05684885290148449,
      "ci_lo": -0.11771592442645072,
      "ci_hi": 0.0029360661268555913,
      "n": 494
    }
  },
  "steering_effects": {
    "prompt_last_pos": {
      "mean": 0.14023861171366594,
      "ci_lo": 0.12114696312364427,
      "ci_hi": 0.16052060737527116,
      "n": 461
    },
    "prompt_last_neg": {
      "mean": -0.08356986899563318,
      "ci_lo": -0.1040406659388646,
      "ci_hi": -0.06277292576419213,
      "n": 458
    },
    "eot_pos": {
      "mean": 0.16336206896551725,
      "ci_lo": 0.14126885775862066,
      "ci_hi": 0.186317349137931,
      "n": 464
    },
    "eot_neg": {
      "mean": -0.1704741379310345,
      "ci_lo": -0.1945043103448276,
      "ci_hi": -0.1468723060344828,
      "n": 464
    }
  },
  "per_ordering_pa": {},
  "correlations": {}
}