{
  "layer": 0,
  "activations": "activations/qwen3-emb_8b/qwen35_pool/activations_prompt_last.npz",
  "probe_dir": "results/probes/qwen3_emb_8b_qwen35_hoo_topic/probes",
  "n_pooled": 9993,
  "n_folds": 13,
  "pooled_pearson_r": 0.7254148082761315,
  "pooled_r2_raw": 0.44161464800073624,
  "pooled_r2_mean_adjusted": 0.4838361441107458,
  "y_std": 5.665683176858322,
  "pred_std": 2.943465609930101,
  "pred_spread_ratio": 0.5195252748958479,
  "per_topic": {
    "coding": {
      "n_eval": 272,
      "true_mean": 2.780354663165616,
      "true_std": 2.8023672082686253,
      "pred_mean": 0.6508698635879718,
      "pred_std": 1.7527194936700659,
      "train_mean": 0.04284116715018704,
      "within_topic_r": 0.2756937405718358
    },
    "content_generation": {
      "n_eval": 1278,
      "true_mean": 1.4474039152970863,
      "true_std": 3.032553094184328,
      "pred_mean": 0.3470196733740167,
      "pred_std": 1.6836030141766107,
      "train_mean": -0.07767598764737385,
      "within_topic_r": 0.247693054660474
    },
    "fiction": {
      "n_eval": 584,
      "true_mean": 2.334188138452434,
      "true_std": 3.6500314188367446,
      "pred_mean": -0.02851910655033651,
      "pred_std": 1.8301868405190613,
      "train_mean": -0.020234599090441625,
      "within_topic_r": 0.3430704909695682
    },
    "harmful_request": {
      "n_eval": 1492,
      "true_mean": -8.044789738453911,
      "true_std": 2.015737577710822,
      "pred_mean": -4.445152775440721,
      "pred_std": 1.9673170682385777,
      "train_mean": 1.5497041384601744,
      "within_topic_r": 0.23781496308148375
    },
    "knowledge_qa": {
      "n_eval": 1719,
      "true_mean": 0.10483377496472086,
      "true_std": 2.545526712660184,
      "pred_mean": -0.3588677478207075,
      "pred_std": 1.8728759498902237,
      "train_mean": 0.1199455028701886,
      "within_topic_r": 0.3417105124552524
    },
    "math": {
      "n_eval": 2519,
      "true_mean": 6.446967805795139,
      "true_std": 2.6554265957919165,
      "pred_mean": 1.3023819469744857,
      "pred_std": 1.4173915886198243,
      "train_mean": -2.015672723395691,
      "within_topic_r": 0.08859358411280181
    },
    "model_manipulation": {
      "n_eval": 243,
      "true_mean": -5.176281954303211,
      "true_std": 2.6985677456332837,
      "pred_mean": -3.313951544104176,
      "pred_std": 2.6408686929130667,
      "train_mean": 0.24926620965140459,
      "within_topic_r": 0.4742016772068424
    },
    "persuasive_writing": {
      "n_eval": 217,
      "true_mean": 1.1669827963324348,
      "true_std": 3.224230593037932,
      "pred_mean": 0.33650847396715794,
      "pred_std": 1.8502065052864698,
      "train_mean": 0.0940496091450371,
      "within_topic_r": 0.5168672070137004
    },
    "security_legal": {
      "n_eval": 251,
      "true_mean": -6.329848289611594,
      "true_std": 1.9820088596393128,
      "pred_mean": -4.801431276759375,
      "pred_std": 2.3291385491861236,
      "train_mean": 0.2834394145650904,
      "within_topic_r": 0.37485116278342057
    },
    "sensitive_creative": {
      "n_eval": 108,
      "true_mean": -4.19298770113747,
      "true_std": 4.481663647373222,
      "pred_mean": -2.0602354333422532,
      "pred_std": 2.5752774757884174,
      "train_mean": 0.1644346517436792,
      "within_topic_r": 0.4387538401147196
    },
    "stresstest_other": {
      "n_eval": 1087,
      "true_mean": -3.097627189629091,
      "true_std": 3.3925428142009735,
      "pred_mean": -4.00971873395746,
      "pred_std": 2.1860302101983997,
      "train_mean": 0.5096978837478374,
      "within_topic_r": 0.3573306540976073
    },
    "summarization": {
      "n_eval": 66,
      "true_mean": 0.8805885785323735,
      "true_std": 2.40662187145291,
      "pred_mean": 1.3726381510476973,
      "pred_std": 1.6681633280181942,
      "train_mean": 0.11227230552296828,
      "within_topic_r": 0.2551374374554277
    },
    "value_conflict": {
      "n_eval": 157,
      "true_mean": -5.507578852007442,
      "true_std": 2.4728502333087126,
      "pred_mean": -4.297194306916279,
      "pred_std": 2.091956014203207,
      "train_mean": 0.20712088799230807,
      "within_topic_r": 0.2850999926157321
    }
  }
}