{
  "raw_ridge_L31": {
    "probe": "raw/ridge_L31",
    "baseline_corr_no_prompt_vs_neutral": 0.9922567407818551,
    "baseline_mean_diff": 1.0533952497219128,
    "pooled_r": 0.43667415455354575,
    "pooled_p": 1.498538965102608e-94,
    "pooled_n": 2014,
    "per_persona": {
      "stem_enthusiast": {
        "r": 0.48205373839998733,
        "p": 3.811266511618131e-07,
        "n": 100
      },
      "creative_writer": {
        "r": 0.6029284617581752,
        "p": 2.52801766161208e-11,
        "n": 101
      },
      "philosopher": {
        "r": 0.7265361712876428,
        "p": 2.512838012403011e-17,
        "n": 98
      },
      "trivia_nerd": {
        "r": 0.28789557426820306,
        "p": 0.003507328752768268,
        "n": 101
      },
      "hacker": {
        "r": 0.47172340506688115,
        "p": 6.374534013011976e-07,
        "n": 101
      },
      "edgelord": {
        "r": 0.6407698178895082,
        "p": 5.323112599626507e-13,
        "n": 101
      },
      "safety_advocate": {
        "r": 0.3357683612797664,
        "p": 0.0005977127545346719,
        "n": 101
      },
      "pragmatist": {
        "r": 0.4911480532393598,
        "p": 1.8396897044123883e-07,
        "n": 101
      },
      "storyteller": {
        "r": 0.5516865405300426,
        "p": 2.239203141124186e-09,
        "n": 101
      },
      "debate_champion": {
        "r": 0.6532550811745618,
        "p": 1.3202831167101258e-13,
        "n": 101
      },
      "organ_enthusiast": {
        "r": 0.47936627369924417,
        "p": 3.9451120845356866e-07,
        "n": 101
      },
      "horror_fanatic": {
        "r": 0.6351630197151976,
        "p": 9.75350196188164e-13,
        "n": 101
      },
      "chess_programming_lover": {
        "r": 0.40925565335236386,
        "p": 2.1431081103443045e-05,
        "n": 101
      },
      "spongebob_superfan": {
        "r": 0.5443201269308074,
        "p": 4.014658895760192e-09,
        "n": 101
      },
      "polynomial_enthusiast": {
        "r": 0.4091529685370033,
        "p": 2.154331259107215e-05,
        "n": 101
      },
      "dune_lore_master": {
        "r": 0.45931948225907016,
        "p": 1.3554617756553053e-06,
        "n": 101
      },
      "sql_devotee": {
        "r": 0.2996621807436522,
        "p": 0.002331711672580714,
        "n": 101
      },
      "witch_trials_scholar": {
        "r": 0.4984483277219743,
        "p": 1.5182792852385465e-07,
        "n": 99
      },
      "doctor_who_fan": {
        "r": 0.3124171020493652,
        "p": 0.0014692795958344957,
        "n": 101
      },
      "wildlife_conservation_storyteller": {
        "r": 0.47650623005798376,
        "p": 4.7275165363977935e-07,
        "n": 101
      }
    },
    "sign_agreement": 0.663198247535597,
    "sign_total": 1826,
    "broad_r": 0.4493305935801912,
    "broad_p": 3.802157904972903e-51,
    "narrow_r": 0.4421001213041753,
    "narrow_p": 1.760969894607722e-49,
    "shuffle_p": 0.0,
    "shuffle_mean_r": 0.0006285187124113633,
    "shuffle_std_r": 0.02213740831942691,
    "cross_persona_mean_r": 0.256646624219339,
    "n_cross_pairs": 380,
    "no_prompt_scores_mean": -0.01960619636461035,
    "neutral_scores_mean": 1.0337890533573026
  },
  "raw_ridge_L43": {
    "probe": "raw/ridge_L43",
    "baseline_corr_no_prompt_vs_neutral": 0.9907019597585053,
    "baseline_mean_diff": 0.7473575587305812,
    "pooled_r": 0.42281078390000115,
    "pooled_p": 3.7591504964863183e-88,
    "pooled_n": 2014,
    "per_persona": {
      "stem_enthusiast": {
        "r": 0.5117647474755098,
        "p": 5.2748571551829396e-08,
        "n": 100
      },
      "creative_writer": {
        "r": 0.6074600075419898,
        "p": 1.6354213508010565e-11,
        "n": 101
      },
      "philosopher": {
        "r": 0.6941837316391818,
        "p": 2.2686536925998753e-15,
        "n": 98
      },
      "trivia_nerd": {
        "r": 0.09734775017150696,
        "p": 0.33281578720431876,
        "n": 101
      },
      "hacker": {
        "r": 0.3773179155147319,
        "p": 0.0001004133375533134,
        "n": 101
      },
      "edgelord": {
        "r": 0.5809300217499065,
        "p": 1.906289034886844e-10,
        "n": 101
      },
      "safety_advocate": {
        "r": 0.44979318428155746,
        "p": 2.372036361740017e-06,
        "n": 101
      },
      "pragmatist": {
        "r": 0.459788975592571,
        "p": 1.3180109173540151e-06,
        "n": 101
      },
      "storyteller": {
        "r": 0.5386465945598443,
        "p": 6.234569881912279e-09,
        "n": 101
      },
      "debate_champion": {
        "r": 0.6165601192167972,
        "p": 6.677422056013983e-12,
        "n": 101
      },
      "organ_enthusiast": {
        "r": 0.5044448889194475,
        "p": 7.508986077286574e-08,
        "n": 101
      },
      "horror_fanatic": {
        "r": 0.6419519464205418,
        "p": 4.677618463732815e-13,
        "n": 101
      },
      "chess_programming_lover": {
        "r": 0.4463548998421155,
        "p": 2.891037405784765e-06,
        "n": 101
      },
      "spongebob_superfan": {
        "r": 0.5337058757884715,
        "p": 9.086927136946039e-09,
        "n": 101
      },
      "polynomial_enthusiast": {
        "r": 0.41922117869146175,
        "p": 1.2803444972618057e-05,
        "n": 101
      },
      "dune_lore_master": {
        "r": 0.5604310755603555,
        "p": 1.0990242356235297e-09,
        "n": 101
      },
      "sql_devotee": {
        "r": 0.34063757718726095,
        "p": 0.0004910238310179161,
        "n": 101
      },
      "witch_trials_scholar": {
        "r": 0.5266925174793036,
        "p": 2.1454165993970702e-08,
        "n": 99
      },
      "doctor_who_fan": {
        "r": 0.356079228458712,
        "p": 0.0002576298644749007,
        "n": 101
      },
      "wildlife_conservation_storyteller": {
        "r": 0.39057575292450974,
        "p": 5.391174560235467e-05,
        "n": 101
      }
    },
    "sign_agreement": 0.6467688937568455,
    "sign_total": 1826,
    "broad_r": 0.4022368004798174,
    "broad_p": 2.0713024816842345e-40,
    "narrow_r": 0.4586187581188072,
    "narrow_p": 1.4200795939982584e-53,
    "shuffle_p": 0.0,
    "shuffle_mean_r": 0.000881297164679764,
    "shuffle_std_r": 0.022798364646942113,
    "cross_persona_mean_r": 0.30379212150253126,
    "n_cross_pairs": 380,
    "no_prompt_scores_mean": -0.01315140459258289,
    "neutral_scores_mean": 0.7342061541379985
  },
  "raw_ridge_L55": {
    "probe": "raw/ridge_L55",
    "baseline_corr_no_prompt_vs_neutral": 0.9869980591193444,
    "baseline_mean_diff": 0.48580894573936545,
    "pooled_r": 0.4113987859974599,
    "pooled_p": 4.192522764617452e-83,
    "pooled_n": 2014,
    "per_persona": {
      "stem_enthusiast": {
        "r": 0.3474622338499502,
        "p": 0.000397156707593599,
        "n": 100
      },
      "creative_writer": {
        "r": 0.6361587672340296,
        "p": 8.766882314807071e-13,
        "n": 101
      },
      "philosopher": {
        "r": 0.7089346805577655,
        "p": 3.1415863814236195e-16,
        "n": 98
      },
      "trivia_nerd": {
        "r": 0.04990556339257358,
        "p": 0.6201690044779167,
        "n": 101
      },
      "hacker": {
        "r": 0.17478154093468423,
        "p": 0.0804377706617629,
        "n": 101
      },
      "edgelord": {
        "r": 0.5017782587401077,
        "p": 9.014812039764644e-08,
        "n": 101
      },
      "safety_advocate": {
        "r": 0.5443993500660314,
        "p": 3.989828368676253e-09,
        "n": 101
      },
      "pragmatist": {
        "r": 0.3067443974526765,
        "p": 0.0018088332767723701,
        "n": 101
      },
      "storyteller": {
        "r": 0.5616975354539321,
        "p": 9.89684073628658e-10,
        "n": 101
      },
      "debate_champion": {
        "r": 0.6291525243210101,
        "p": 1.841655090995838e-12,
        "n": 101
      },
      "organ_enthusiast": {
        "r": 0.5336749362567951,