{
  "ethical": {
    "isolated": {
      "no_steering": {
        "0.0": {
          "rate_specific": 0.4222222222222222,
          "rate_vague": 0.17777777777777778,
          "rate_refused": 0.0,
          "rate_unaware": 0.4,
          "rate_none": 0.0,
          "n": 45
        }
      },
      "critical_info_only": {
        "-0.05": {
          "rate_specific": 0.7555555555555555,
          "rate_vague": 0.022222222222222223,
          "rate_refused": 0.13333333333333333,
          "rate_unaware": 0.08888888888888889,
          "rate_none": 0.0,
          "n": 45
        },
        "-0.03": {
          "rate_specific": 0.8888888888888888,
          "rate_vague": 0.044444444444444446,
          "rate_refused": 0.022222222222222223,
          "rate_unaware": 0.044444444444444446,
          "rate_none": 0.0,
          "n": 45
        },
        "0.03": {
          "rate_specific": 0.24444444444444444,
          "rate_vague": 0.2,
          "rate_refused": 0.0,
          "rate_unaware": 0.5555555555555556,
          "rate_none": 0.0,
          "n": 45
        },
        "0.05": {
          "rate_specific": 0.37777777777777777,
          "rate_vague": 0.13333333333333333,
          "rate_refused": 0.0,
          "rate_unaware": 0.4888888888888889,
          "rate_none": 0.0,
          "n": 45
        }
      },
      "generation_only": {
        "-0.05": {
          "rate_specific": 0.5333333333333333,
          "rate_vague": 0.15555555555555556,
          "rate_refused": 0.2,
          "rate_unaware": 0.1111111111111111,
          "rate_none": 0.0,
          "n": 45
        },
        "-0.03": {
          "rate_specific": 0.6888888888888889,
          "rate_vague": 0.15555555555555556,
          "rate_refused": 0.0,
          "rate_unaware": 0.15555555555555556,
          "rate_none": 0.0,
          "n": 45
        },
        "0.03": {
          "rate_specific": 0.3333333333333333,
          "rate_vague": 0.17777777777777778,
          "rate_refused": 0.022222222222222223,
          "rate_unaware": 0.4666666666666667,
          "rate_none": 0.0,
          "n": 45
        },
        "0.05": {
          "rate_specific": 0.13333333333333333,
          "rate_vague": 0.3333333333333333,
          "rate_refused": 0.0,
          "rate_unaware": 0.5333333333333333,
          "rate_none": 0.0,
          "n": 45
        }
      },
      "critical_info_plus_generation": {
        "-0.05": {
          "rate_specific": 0.5555555555555556,
          "rate_vague": 0.044444444444444446,
          "rate_refused": 0.4,
          "rate_unaware": 0.0,
          "rate_none": 0.0,
          "n": 45
        },
        "-0.03": {
          "rate_specific": 0.9111111111111111,
          "rate_vague": 0.022222222222222223,
          "rate_refused": 0.022222222222222223,
          "rate_unaware": 0.044444444444444446,
          "rate_none": 0.0,
          "n": 45
        },
        "0.03": {
          "rate_specific": 0.17777777777777778,
          "rate_vague": 0.13333333333333333,
          "rate_refused": 0.0,
          "rate_unaware": 0.6888888888888889,
          "rate_none": 0.0,
          "n": 45
        },
        "0.05": {
          "rate_specific": 0.08888888888888889,
          "rate_vague": 0.2,
          "rate_refused": 0.0,
          "rate_unaware": 0.7111111111111111,
          "rate_none": 0.0,
          "n": 45
        }
      }
    },
    "distributed": {
      "no_steering": {
        "0.0": {
          "rate_specific": 0.52,
          "rate_vague": 0.16,
          "rate_refused": 0.0,
          "rate_unaware": 0.32,
          "rate_none": 0.0,
          "n": 25
        }
      },
      "critical_info_only": {
        "-0.05": {
          "rate_specific": 0.84,
          "rate_vague": 0.0,
          "rate_refused": 0.08,
          "rate_unaware": 0.08,
          "rate_none": 0.0,
          "n": 25
        },
        "-0.03": {
          "rate_specific": 0.84,
          "rate_vague": 0.08,
          "rate_refused": 0.04,
          "rate_unaware": 0.04,
          "rate_none": 0.0,
          "n": 25
        },
        "0.03": {
          "rate_specific": 0.32,
          "rate_vague": 0.2,
          "rate_refused": 0.0,
          "rate_unaware": 0.48,
          "rate_none": 0.0,
          "n": 25
        },
        "0.05": {
          "rate_specific": 0.32,
          "rate_vague": 0.24,
          "rate_refused": 0.0,
          "rate_unaware": 0.44,
          "rate_none": 0.0,
          "n": 25
        }
      },
      "generation_only": {
        "-0.05": {
          "rate_specific": 0.36,
          "rate_vague": 0.2,
          "rate_refused": 0.16,
          "rate_unaware": 0.28,
          "rate_none": 0.0,
          "n": 25
        },
        "-0.03": {
          "rate_specific": 0.8,
          "rate_vague": 0.08,
          "rate_refused": 0.0,
          "rate_unaware": 0.12,
          "rate_none": 0.0,
          "n": 25
        },
        "0.03": {
          "rate_specific": 0.56,
          "rate_vague": 0.24,
          "rate_refused": 0.0,
          "rate_unaware": 0.2,
          "rate_none": 0.0,
          "n": 25
        },
        "0.05": {
          "rate_specific": 0.24,
          "rate_vague": 0.36,
          "rate_refused": 0.0,
          "rate_unaware": 0.4,
          "rate_none": 0.0,
          "n": 25
        }
      },
      "critical_info_plus_generation": {
        "-0.05": {
          "rate_specific": 0.64,
          "rate_vague": 0.0,
          "rate_refused": 0.32,
          "rate_unaware": 0.04,
          "rate_none": 0.0,
          "n": 25
        },
        "-0.03": {
          "rate_specific": 0.88,
          "rate_vague": 0.0,
          "rate_refused": 0.08,
          "rate_unaware": 0.04,
          "rate_none": 0.0,
          "n": 25
        },
        "0.03": {
          "rate_specific": 0.36,
          "rate_vague": 0.24,
          "rate_refused": 0.0,
          "rate_unaware": 0.4,
          "rate_none": 0.0,
          "n": 25
        },
        "0.05": {
          "rate_specific": 0.0,
          "rate_vague": 0.2,
          "rate_refused": 0.0,
          "rate_unaware": 0.8,
          "rate_none": 0.0,
          "n": 25
        }
      }
    }
  },
  "benign_twin": {
    "isolated": {
      "no_steering": {
        "0.0": {
          "rate_specific": 0.0,
          "rate_vague": 0.044444444444444446,
          "rate_refused": 0.0,
          "rate_unaware": 0.0,
          "rate_none": 0.9555555555555556,
          "n": 45
        }
      },
      "critical_info_only": {
        "-0.05": {
          "rate_specific": 0.4888888888888889,
          "rate_vague": 0.044444444444444446,
          "rate_refused": 0.0,
          "rate_unaware": 0.0,
          "rate_none": 0.4666666666666667,
          "n": 45
        },
        "-0.03": {
          "rate_specific": 0.17777777777777778,
          "rate_vague": 0.022222222222222223,
          "rate_refused": 0.0,
          "rate_unaware": 0.0,
          "rate_none": 0.8,
          "n": 45
        },
        "0.03": {
          "rate_specific": 0.0,
          "rate_vague": 0.0,
          "rate_refused": 0.0,
          "rate_unaware": 0.0,
          "rate_none": 1.0,
          "n": 45
        },
        "0.05": {
          "rate_specific": 0.0,
          "rate_vague": 0.0,
          "rate_refused": 0.0,
          "rate_unaware": 0.0,
          "rate_none": 1.0,
          "n": 45
        }
      },
      "generation_only": {
        "-0.05": {
          "rate_specific": 0.022222222222222223,
          "rate_vague": 0.044444444444444446,
          "rate_refused": 0.06666666666666667,
          "rate_unaware": 0.06666666666666667,
          "rate_none": 0.8,
          "n": 45
        },
        "-0.03": {
          "rate_specific": 0.0,
          "rate_vague": 0.044444444444444446,
          "rate_refused": 0.0,
          "rate_unaware": 0.0,
          "rate_none": 0.9555555555555556,
          "n": 45
        },
        "0.03": {
          "rate_specific": 0.0,