{
  "tb-2": {
    "2": {
      "pearson_r": 0.6158848829258958,
      "r2": 0.37910398875207474,
      "n_samples": 1000,
      "norm": 765.4844970703125
    },
    "5": {
      "pearson_r": 0.6241627676191069,
      "r2": 0.3884733580440579,
      "n_samples": 1000,
      "norm": 977.4823608398438
    },
    "8": {
      "pearson_r": 0.6552968654674114,
      "r2": 0.42916604964552396,
      "n_samples": 1000,
      "norm": 1579.6376953125
    },
    "11": {
      "pearson_r": 0.6949465519165527,
      "r2": 0.482598705362415,
      "n_samples": 1000,
      "norm": 1724.9329833984375
    },
    "14": {
      "pearson_r": 0.7065594252433387,
      "r2": 0.4992258084765061,
      "n_samples": 1000,
      "norm": 3534.682373046875
    },
    "17": {
      "pearson_r": 0.7370689475469447,
      "r2": 0.5432061662304715,
      "n_samples": 1000,
      "norm": 8488.8466796875
    },
    "20": {
      "pearson_r": 0.7575775952295996,
      "r2": 0.573653091184031,
      "n_samples": 1000,
      "norm": 13729.291015625
    },
    "23": {
      "pearson_r": 0.7995551563367764,
      "r2": 0.6385693996945165,
      "n_samples": 1000,
      "norm": 29521.2109375
    },
    "26": {
      "pearson_r": 0.8231511959853377,
      "r2": 0.6772974863413628,
      "n_samples": 1000,
      "norm": 48806.21875
    },
    "29": {
      "pearson_r": 0.8353585346542136,
      "r2": 0.6972086829794357,
      "n_samples": 1000,
      "norm": 45787.92578125
    },
    "32": {
      "pearson_r": 0.830119014925395,
      "r2": 0.6884160071839825,
      "n_samples": 1000,
      "norm": 43585.53515625
    },
    "35": {
      "pearson_r": 0.8244163581829647,
      "r2": 0.6789784009114324,
      "n_samples": 1000,
      "norm": 44049.1484375
    },
    "38": {
      "pearson_r": 0.8201951814336934,
      "r2": 0.6717800756365035,
      "n_samples": 1000,
      "norm": 53911.3828125
    },
    "41": {
      "pearson_r": 0.8206107586207378,
      "r2": 0.6725045761331752,
      "n_samples": 1000,
      "norm": 56023.53125
    },
    "44": {
      "pearson_r": 0.8152156775514239,
      "r2": 0.6639024944615131,
      "n_samples": 1000,
      "norm": 62276.39453125
    },
    "47": {
      "pearson_r": 0.8116700099681737,
      "r2": 0.6581431071436379,
      "n_samples": 1000,
      "norm": 75622.84375
    },
    "50": {
      "pearson_r": 0.8116856548224181,
      "r2": 0.6582760375763306,
      "n_samples": 1000,
      "norm": 79770.2578125
    },
    "53": {
      "pearson_r": 0.8072728254318067,
      "r2": 0.6512048020306597,
      "n_samples": 1000,
      "norm": 97496.7890625
    },
    "56": {
      "pearson_r": 0.8069795086736848,
      "r2": 0.6507443792745838,
      "n_samples": 1000,
      "norm": 102140.9296875
    },
    "59": {
      "pearson_r": 0.7990044219019314,
      "r2": 0.6382011918283297,
      "n_samples": 1000,
      "norm": 106628.671875
    }
  },
  "eot": {
    "2": {
      "pearson_r": 0.5929543926276639,
      "r2": 0.35131449110973034,
      "n_samples": 1000,
      "norm": 729.448974609375
    },
    "5": {
      "pearson_r": 0.6055951324510411,
      "r2": 0.3664762692384923,
      "n_samples": 1000,
      "norm": 944.641357421875
    },
    "8": {
      "pearson_r": 0.6583408674333899,
      "r2": 0.42892473809268716,
      "n_samples": 1000,
      "norm": 2084.99462890625
    },
    "11": {
      "pearson_r": 0.7018185010346845,
      "r2": 0.492501189575128,
      "n_samples": 1000,
      "norm": 1358.6605224609375
    },
    "14": {
      "pearson_r": 0.7186446557355097,
      "r2": 0.5163436582665335,
      "n_samples": 1000,
      "norm": 2228.248779296875
    },
    "17": {
      "pearson_r": 0.7450768571009707,
      "r2": 0.5551067885358989,
      "n_samples": 1000,
      "norm": 7058.953125
    },
    "20": {
      "pearson_r": 0.7579006387035201,
      "r2": 0.5696150181363876,
      "n_samples": 1000,
      "norm": 13822.5517578125
    },
    "23": {
      "pearson_r": 0.7942737335566459,
      "r2": 0.6307335277920957,
      "n_samples": 1000,
      "norm": 29381.541015625
    },
    "26": {
      "pearson_r": 0.8185175868812801,
      "r2": 0.6699142440419197,
      "n_samples": 1000,
      "norm": 47468.33984375
    },
    "29": {
      "pearson_r": 0.8247497206803847,
      "r2": 0.6801033766060853,
      "n_samples": 1000,
      "norm": 49761.70703125
    },
    "32": {
      "pearson_r": 0.8249535091375502,
      "r2": 0.6802744400118071,
      "n_samples": 1000,
      "norm": 41269.30859375
    },
    "35": {
      "pearson_r": 0.8249257319093984,
      "r2": 0.6802377412453448,
      "n_samples": 1000,
      "norm": 42765.7109375
    },
    "38": {
      "pearson_r": 0.820386249216099,
      "r2": 0.6727650622660657,
      "n_samples": 1000,
      "norm": 39315.0859375
    },
    "41": {
      "pearson_r": 0.815994490812344,
      "r2": 0.6655590688888237,
      "n_samples": 1000,
      "norm": 52379.19921875
    },
    "44": {
      "pearson_r": 0.8085772310640811,
      "r2": 0.6534740707722786,
      "n_samples": 1000,
      "norm": 62367.28125
    },
    "47": {
      "pearson_r": 0.807992224470506,
      "r2": 0.6525198137177618,
      "n_samples": 1000,
      "norm": 79392.0390625
    },
    "50": {
      "pearson_r": 0.8056818919940792,
      "r2": 0.6486061574705171,
      "n_samples": 1000,
      "norm": 92654.1015625
    },
    "53": {
      "pearson_r": 0.798475161809397,
      "r2": 0.6369351487448307,
      "n_samples": 1000,
      "norm": 118839.625
    },
    "56": {
      "pearson_r": 0.7957211306643672,
      "r2": 0.6326610951053863,
      "n_samples": 1000,
      "norm": 122910.4765625
    },
    "59": {
      "pearson_r": 0.7900162780638733,
      "r2": 0.6231265238084214,
      "n_samples": 1000,
      "norm": 145152.75
    }
  }
}