{
  "layer": 32,
  "activations": "activations/gemma-3-27b_it/pref_main/activations_turn_boundary:-5.npz",
  "probe_dir": "results/probes/gemma3_10k_hoo_topic_tb-5/probes",
  "n_pooled": 9995,
  "n_folds": 13,
  "pooled_pearson_r": 0.8861635624855498,
  "pooled_r2_raw": 0.7815527982010232,
  "pooled_r2_mean_adjusted": 0.7851881930082357,
  "y_std": 5.381032865132612,
  "pred_std": 4.715296471439438,
  "pred_spread_ratio": 0.8762809277737487,
  "per_topic": {
    "coding": {
      "n_eval": 330,
      "true_mean": 2.1591548784502845,
      "true_std": 3.914380251417908,
      "pred_mean": 2.5679080773521195,
      "pred_std": 2.6817867870793077,
      "train_mean": 1.3871732117135773,
      "within_topic_r": 0.7530926010504657
    },
    "content_generation": {
      "n_eval": 1355,
      "true_mean": 2.3137024288887664,
      "true_std": 4.084748023262953,
      "pred_mean": 2.2608824690136524,
      "pred_std": 3.248110941439664,
      "train_mean": 1.2714192337784396,
      "within_topic_r": 0.844184605792508
    },
    "fiction": {
      "n_eval": 604,
      "true_mean": 3.6576415004122804,
      "true_std": 4.3921272905452895,
      "pred_mean": 3.5706855783908167,
      "pred_std": 3.6066063739049543,
      "train_mean": 1.2683344615698031,
      "within_topic_r": 0.8376974548314358
    },
    "harmful_request": {
      "n_eval": 833,
      "true_mean": -6.695556362161308,
      "true_std": 4.376140904656667,
      "pred_mean": -7.272505142548203,
      "pred_std": 4.569599773588889,
      "train_mean": 2.1494365132365285,
      "within_topic_r": 0.873354057196307
    },
    "knowledge_qa": {
      "n_eval": 1699,
      "true_mean": 1.6077727251623317,
      "true_std": 3.6283854505558106,
      "pred_mean": 1.536600212398278,
      "pred_std": 2.824876320703375,
      "train_mean": 1.3727117464291156,
      "within_topic_r": 0.8021193120838167
    },
    "math": {
      "n_eval": 2758,
      "true_mean": 4.866269135892559,
      "true_std": 2.9971004334549294,
      "pred_mean": 3.804828119832281,
      "pred_std": 2.017426314710022,
      "train_mean": 0.09739240408274072,
      "within_topic_r": 0.5655133696467016
    },
    "model_manipulation": {
      "n_eval": 166,
      "true_mean": -3.1228080526955084,
      "true_std": 5.208983415547654,
      "pred_mean": -2.666592378377522,
      "pred_std": 4.791010027867603,
      "train_mean": 1.4892080744261076,
      "within_topic_r": 0.8604260184216582
    },
    "persuasive_writing": {
      "n_eval": 230,
      "true_mean": 3.3047634301494506,
      "true_std": 4.074901651367311,
      "pred_mean": 3.6012572819015376,
      "pred_std": 3.238824714342033,
      "train_mean": 1.3681054737179645,
      "within_topic_r": 0.8110322612415539
    },
    "security_legal": {
      "n_eval": 233,
      "true_mean": -3.843529170622789,
      "true_std": 5.629006061131858,
      "pred_mean": -3.8380732694683197,
      "pred_std": 4.89794119369009,
      "train_mean": 1.538039148552677,
      "within_topic_r": 0.8730310605329511
    },
    "sensitive_creative": {
      "n_eval": 70,
      "true_mean": -3.1116948519062313,
      "true_std": 5.959819873769908,
      "pred_mean": -1.9307380547487067,
      "pred_std": 5.147825185751068,
      "train_mean": 1.4445422665450478,
      "within_topic_r": 0.8532991199747922
    },
    "stresstest_other": {
      "n_eval": 1172,
      "true_mean": -0.5398806156697628,
      "true_std": 5.767573096684715,
      "pred_mean": -0.6871429788646126,
      "pred_std": 4.853835732316556,
      "train_mean": 1.6718652184780074,
      "within_topic_r": 0.8776321635257034
    },
    "summarization": {
      "n_eval": 86,
      "true_mean": 0.5276938293392808,
      "true_std": 3.919651236367555,
      "pred_mean": 0.9339767112459663,
      "pred_std": 3.433961536555769,
      "train_mean": 1.420325236820225,
      "within_topic_r": 0.7096878132200245
    },
    "value_conflict": {
      "n_eval": 459,
      "true_mean": -2.327542385719671,
      "true_std": 5.3995702453625825,
      "pred_mean": -1.9241964029102312,
      "pred_std": 4.680242481820616,
      "train_mean": 1.5925823312235845,
      "within_topic_r": 0.870031820431987
    }
  }
}