{
  "harmful_asst_eot_delta_default": {
    "mean": -4.146276384592056,
    "se": 0.3250799366609527,
    "t": -12.754636373995858,
    "p": 4.572504412359224e-07,
    "n": 10
  },
  "harmful_user_eot_delta_default": {
    "mean": 0.8138094902038574,
    "se": 0.7740064275683898,
    "t": 1.0514247184749,
    "p": 0.32047403734992913,
    "n": 10
  },
  "harmful_asst_eot_delta_sadist": {
    "mean": 0.7038458526134491,
    "se": 0.48783395362790843,
    "t": 1.442797999973372,
    "p": 0.1829618350260012,
    "n": 10
  },
  "harmful_user_eot_delta_sadist": {
    "mean": 2.5454251796007155,
    "se": 0.7222713083590265,
    "t": 3.524195340645368,
    "p": 0.006472657375403722,
    "n": 10
  },
  "obliged_minus_refused_asst_eot_default": {
    "mean": -4.146276384592056,
    "se": 0.3250799366609527,
    "n": 10
  },
  "obliged_minus_refused_asst_eot_sadist": {
    "mean": 0.7038458526134491,
    "se": 0.48783395362790843,
    "n": 10
  },
  "obliged_minus_refused_user_eot_default": {
    "mean": 0.8138094902038574,
    "se": 0.7740064275683898,
    "n": 10
  },
  "obliged_minus_refused_user_eot_sadist": {
    "mean": 2.5454251796007155,
    "se": 0.7222713083590265,
    "n": 10
  },
  "persona_delta_benign_helpful_first_user_eot_delta": {
    "mean": -4.5363470137119295,
    "se": 1.3548954481725053,
    "t": -3.34811591538712,
    "p": 0.008549112833469477,
    "n": 10
  },
  "persona_delta_benign_helpful_asst_eot_delta": {
    "mean": -6.334438854455948,
    "se": 0.7940206581059778,
    "t": -7.9776751269492685,
    "p": 2.263440856086054e-05,
    "n": 10
  },
  "persona_delta_benign_helpful_user_eot_delta": {
    "mean": -3.3973177790641786,
    "se": 0.5269354337955234,
    "t": -6.447313202289795,
    "p": 0.0001185133574173463,
    "n": 10
  },
  "persona_delta_benign_evil_first_user_eot_delta": {
    "mean": -4.539153200387955,
    "se": 1.3546977320226674,
    "t": -3.3506760165683978,
    "p": 0.008514388721140175,
    "n": 10
  },
  "persona_delta_benign_evil_asst_eot_delta": {
    "mean": 2.1600542187690737,
    "se": 0.44805032317637056,
    "t": 4.8210080587728745,
    "p": 0.0009456511178728172,
    "n": 10
  },
  "persona_delta_benign_evil_user_eot_delta": {
    "mean": -1.1102008759975432,
    "se": 0.5480400912284031,
    "t": -2.025765803937967,
    "p": 0.0734350319678683,
    "n": 10
  },
  "persona_delta_harmful_refused_first_user_eot_delta": {
    "mean": 4.3401621043682095,
    "se": 0.7518029249044292,
    "t": 5.773005079648951,
    "p": 0.0002684141521379824,
    "n": 10
  },
  "persona_delta_harmful_refused_asst_eot_delta": {
    "mean": -1.322487860918045,
    "se": 0.35100778282374734,
    "t": -3.767688141496595,
    "p": 0.004432207241239279,
    "n": 10
  },
  "persona_delta_harmful_refused_user_eot_delta": {
    "mean": 1.6838990211486817,
    "se": 0.3528418403837846,
    "t": 4.7723904265920165,
    "p": 0.0010119787353126636,
    "n": 10
  },
  "persona_delta_harmful_obliged_first_user_eot_delta": {
    "mean": 4.342541760206222,
    "se": 0.7522309033287349,
    "t": 5.772884018709974,
    "p": 0.0002684549874280511,
    "n": 10
  },
  "persona_delta_harmful_obliged_asst_eot_delta": {
    "mean": 3.5276343762874602,
    "se": 0.27868005670025797,
    "t": 12.658366795445664,
    "p": 4.87916174352035e-07,
    "n": 10
  },
  "persona_delta_harmful_obliged_user_eot_delta": {
    "mean": 3.4155147105455397,
    "se": 0.26158963142257,
    "t": 13.05676640152507,
    "p": 3.7403731995678856e-07,
    "n": 10
  }
}