{
  "ridge_L15": {
    "layer": 15,
    "coefficients": [
      -445.04985351562505,
      -222.52492675781252,
      0.0,
      222.52492675781252,
      445.04985351562505
    ]
  },
  "ridge_L31": {
    "layer": 31,
    "coefficients": [
      -5282.283984375001,
      -2641.1419921875004,
      0.0,
      2641.1419921875004,
      5282.283984375001
    ]
  },
  "ridge_L37": {
    "layer": 37,
    "coefficients": [
      -6409.575000000001,
      -3204.7875000000004,
      0.0,
      3204.7875000000004,
      6409.575000000001
    ]
  },
  "ridge_L43": {
    "layer": 43,
    "coefficients": [
      -6773.92578125,
      -3386.962890625,
      0.0,
      3386.962890625,
      6773.92578125
    ]
  },
  "ridge_L49": {
    "layer": 49,
    "coefficients": [
      -8006.72890625,
      -4003.364453125,
      0.0,
      4003.364453125,
      8006.72890625
    ]
  },
  "ridge_L55": {
    "layer": 55,
    "coefficients": [
      -9357.850781250001,
      -4678.925390625001,
      0.0,
      4678.925390625001,
      9357.850781250001
    ]
  }
}