{
  "baseline_p_a": 0.6175491354312104,
  "baseline_ci": [
    0.6078831489635914,
    0.6274299215981097
  ],
  "eot_effect_0.03": [
    0.31667256294644247,
    0.29894839560489045,
    0.33518558464718007
  ],
  "prompt_last_effect_0.03": [
    0.22527009430212142,
    0.20643048298918337,
    0.24448153639726558
  ],
  "task_mean_effects": {
    "L25_m0.01": [
      0.8333333333333334,
      0.7,
      0.9666666666666667
    ],
    "L25_m0.02": [
      1.0,
      1.0,
      1.0
    ],
    "L25_m0.03": [
      1.0,
      1.0,
      1.0
    ],
    "L25_m0.05": [
      1.0,
      1.0,
      1.0
    ],
    "L32_m0.01": [
      0.23333333333333328,
      0.0,
      0.46666666666666673
    ],
    "L32_m0.02": [
      0.39999999999999997,
      0.16666666666666663,
      0.6333333333333333
    ],
    "L32_m0.03": [
      0.5,
      0.2666666666666667,
      0.7000000000000001
    ],
    "L32_m0.05": [
      0.5,
      0.2666666666666667,
      0.7000000000000001
    ]
  },
  "n_records": {
    "task_mean": 705,
    "baseline": 10000,
    "eot": 10000,
    "prompt_last": 75000
  }
}