{
  "ridge_L31": {
    "layer": 31,
    "mean_norm": 52822.83984375,
    "coefficients": [
      -5282.283984375001,
      -3961.7129882812496,
      -2641.1419921875004,
      -2112.91359375,
      -1584.6851953125,
      -1056.456796875,
      -528.2283984375,
      0.0,
      528.2283984375,
      1056.456796875,
      1584.6851953125,
      2112.91359375,
      2641.1419921875004,
      3961.7129882812496,
      5282.283984375001
    ]
  },
  "ridge_L37": {
    "layer": 37,
    "mean_norm": 64095.75,
    "coefficients": [
      -6409.575000000001,
      -4807.18125,
      -3204.7875000000004,
      -2563.83,
      -1922.8725,
      -1281.915,
      -640.9575,
      0.0,
      640.9575,
      1281.915,
      1922.8725,
      2563.83,
      3204.7875000000004,
      4807.18125,
      6409.575000000001
    ]
  },
  "ridge_L43": {
    "layer": 43,
    "mean_norm": 67739.2578125,
    "coefficients": [
      -6773.92578125,
      -5080.4443359375,
      -3386.962890625,
      -2709.5703125,
      -2032.177734375,
      -1354.78515625,
      -677.392578125,
      0.0,
      677.392578125,
      1354.78515625,
      2032.177734375,
      2709.5703125,
      3386.962890625,
      5080.4443359375,
      6773.92578125
    ]
  },
  "ridge_L49": {
    "layer": 49,
    "mean_norm": 80067.2890625,
    "coefficients": [
      -8006.72890625,
      -6005.0466796875,
      -4003.364453125,
      -3202.6915625,
      -2402.018671875,
      -1601.34578125,
      -800.672890625,
      0.0,
      800.672890625,
      1601.34578125,
      2402.018671875,
      3202.6915625,
      4003.364453125,
      6005.0466796875,
      8006.72890625
    ]
  },
  "ridge_L55": {
    "layer": 55,
    "mean_norm": 93578.5078125,
    "coefficients": [
      -9357.850781250001,
      -7018.388085937499,
      -4678.925390625001,
      -3743.1403125,
      -2807.355234375,
      -1871.57015625,
      -935.785078125,
      0.0,
      935.785078125,
      1871.57015625,
      2807.355234375,
      3743.1403125,
      4678.925390625001,
      7018.388085937499,
      9357.850781250001
    ]
  }
}