{
  "demean/ridge_L31": {
    "pooled_r": 0.5097836252263371,
    "pooled_p": 2.989591129451652e-67,
    "n_total": 1000,
    "original_r": 0.532739852198902,
    "original_p": 5.323507653285289e-38,
    "enriched_r": 0.49726349538139597,
    "enriched_p": 1.3706965261888955e-32,
    "sign_agreement_all": 0.6494623655913978,
    "sign_agreement_n_all": 930,
    "sign_agreement_original": 0.6710526315789473,
    "sign_agreement_enriched": 0.6286919831223629,
    "per_persona": {
      "stem_enthusiast": {
        "r": 0.5637103970388773,
        "p": 2.019837333815042e-05,
        "n": 50
      },
      "creative_writer": {
        "r": 0.668689213636783,
        "p": 1.1125781113390023e-07,
        "n": 50
      },
      "philosopher": {
        "r": 0.5839808913061757,
        "p": 8.509813003201815e-06,
        "n": 50
      },
      "trivia_nerd": {
        "r": 0.54090998760965,
        "p": 5.002013152697612e-05,
        "n": 50
      },
      "hacker": {
        "r": 0.5996724327577669,
        "p": 4.1834292619313676e-06,
        "n": 50
      },
      "edgelord": {
        "r": 0.47674941080553573,
        "p": 0.00046491164297186177,
        "n": 50
      },
      "safety_advocate": {
        "r": 0.38629118730698225,
        "p": 0.005590915283569628,
        "n": 50
      },
      "pragmatist": {
        "r": 0.7556259929506668,
        "p": 2.2601214548142454e-10,
        "n": 50
      },
      "storyteller": {
        "r": 0.5994479754743871,
        "p": 4.2272625503219725e-06,
        "n": 50
      },
      "debate_champion": {
        "r": 0.40386669062687014,
        "p": 0.00363108186847698,
        "n": 50
      },
      "evil_genius": {
        "r": 0.4617833378362797,
        "p": 0.0007363097061864304,
        "n": 50
      },
      "chaos_agent": {
        "r": 0.653274099969465,
        "p": 2.7096433346299703e-07,
        "n": 50
      },
      "obsessive_perfectionist": {
        "r": 0.7210263709132355,
        "p": 3.514211575957876e-09,
        "n": 50
      },
      "lazy_minimalist": {
        "r": 0.5023931057987115,
        "p": 0.00020103826427553888,
        "n": 50
      },
      "nationalist_ideologue": {
        "r": 0.6839953497945943,
        "p": 4.359503251111276e-08,
        "n": 50
      },
      "conspiracy_theorist": {
        "r": 0.5814324377853036,
        "p": 9.51701319859072e-06,
        "n": 50
      },
      "contrarian_intellectual": {
        "r": 0.517868129629786,
        "p": 0.00011728522810438545,
        "n": 50
      },
      "whimsical_poet": {
        "r": 0.6422970107124623,
        "p": 4.955454165312818e-07,
        "n": 50
      },
      "depressed_nihilist": {
        "r": 0.313135522689152,
        "p": 0.026814159601875588,
        "n": 50
      },
      "people_pleaser": {
        "r": 0.2672414762639263,
        "p": 0.060632012856702736,
        "n": 50
      }
    }
  },
  "raw/ridge_L31": {
    "pooled_r": 0.5263115058658888,
    "pooled_p": 2.4477544873954153e-72,
    "n_total": 1000,
    "original_r": 0.5340448413100617,
    "original_p": 3.271461150064484e-38,
    "enriched_r": 0.5312346461793886,
    "enriched_p": 9.310113760913634e-38,
    "sign_agreement_all": 0.6935483870967742,
    "sign_agreement_n_all": 930,
    "sign_agreement_original": 0.6929824561403509,
    "sign_agreement_enriched": 0.6940928270042194,
    "per_persona": {
      "stem_enthusiast": {
        "r": 0.5226191199410175,
        "p": 9.887926569773129e-05,
        "n": 50
      },
      "creative_writer": {
        "r": 0.6716060353681489,
        "p": 9.34598666444374e-08,
        "n": 50
      },
      "philosopher": {
        "r": 0.689642720826442,
        "p": 3.041442193511862e-08,
        "n": 50
      },
      "trivia_nerd": {
        "r": 0.45025889003832886,
        "p": 0.0010345961891126188,
        "n": 50
      },
      "hacker": {
        "r": 0.4351941694263116,
        "p": 0.0015858426597533798,
        "n": 50
      },
      "edgelord": {
        "r": 0.602850878482223,
        "p": 3.606283380840408e-06,
        "n": 50
      },
      "safety_advocate": {
        "r": 0.4120557791660941,
        "p": 0.00294607501892975,
        "n": 50
      },
      "pragmatist": {
        "r": 0.6895945027984826,
        "p": 3.0509099846591075e-08,
        "n": 50
      },
      "storyteller": {
        "r": 0.516513726497365,
        "p": 0.00012307735954276983,
        "n": 50
      },
      "debate_champion": {
        "r": 0.5965026262315491,
        "p": 4.84332400648613e-06,
        "n": 50
      },
      "evil_genius": {
        "r": 0.7171027637664594,
        "p": 4.67533162878669e-09,
        "n": 50
      },
      "chaos_agent": {
        "r": 0.7319456678718453,
        "p": 1.5470745118328984e-09,
        "n": 50
      },
      "obsessive_perfectionist": {
        "r": 0.6197250129852404,
        "p": 1.5951503808965335e-06,
        "n": 50
      },
      "lazy_minimalist": {
        "r": 0.28092055832468127,
        "p": 0.048136660260939594,
        "n": 50
      },
      "nationalist_ideologue": {
        "r": 0.6989493977939445,
        "p": 1.6504894567074143e-08,
        "n": 50
      },
      "conspiracy_theorist": {
        "r": 0.636381378606461,
        "p": 6.79371357164406e-07,
        "n": 50
      },
      "contrarian_intellectual": {
        "r": 0.6478096131236464,
        "p": 3.670579312038399e-07,
        "n": 50
      },
      "whimsical_poet": {
        "r": 0.5395334440080598,
        "p": 5.2725061754016344e-05,
        "n": 50
      },
      "depressed_nihilist": {
        "r": 0.3531062427940648,
        "p": 0.011893476903089251,
        "n": 50
      },
      "people_pleaser": {
        "r": 0.21509626114992136,
        "p": 0.13358543358160163,
        "n": 50
      }
    }
  },
  "demean/ridge_L43": {
    "pooled_r": 0.3594527561018116,
    "pooled_p": 7.268968454693667e-32,
    "n_total": 1000,
    "original_r": 0.3567010542308694,
    "original_p": 1.8984072725463787e-16,
    "enriched_r": 0.3651362870882858,
    "enriched_p": 3.246762246292938e-17,
    "sign_agreement_all": 0.567741935483871,
    "sign_agreement_n_all": 930,
    "sign_agreement_original": 0.5789473684210527,
    "sign_agreement_enriched": 0.5569620253164557,
    "per_persona": {
      "stem_enthusiast": {
        "r": 0.6096257616638796,
        "p": 2.6138937540463595e-06,
        "n": 50
      },
      "creative_writer": {
        "r": 0.48674746203262426,
        "p": 0.0003379148901123349,
        "n": 50
      },
      "philosopher": {
        "r": 0.23709755109642144,
        "p": 0.09734531271075644,
        "n": 50
      },
      "trivia_nerd": {
        "r": 0.43701809369545813,
        "p": 0.0015074694720488102,
        "n": 50
      },
      "hacker": {
        "r": 0.5769988915497919,
        "p": 1.1535823231242278e-05,
        "n": 50
      },
      "edgelord": {
        "r": 0.30992202704718036,
        "p": 0.02850294823334893,
        "n": 50
      },
      "safety_advocate": {
        "r": 0.18105463067935068,
        "p": 0.20828397441858787,
        "n": 50
      },
      "pragmatist": {
        "r": 0.5226091114244729,
        "p": 9.891509475506261e-05,
        "n": 50
      },
      "storyteller": {
        "r": 0.412539045786929,
        "p": 0.0029094806558358603,
        "n": 50
      },
      "debate_champion": {
        "r": 0.21578731195624018,
        "p": 0.1323117132315557,
        "n": 50
      },
      "evil_genius": {
        "r": 0.36851112411282466,
        "p": 0.008457371151933754,
        "n": 50
      },
      "chaos_agent": {
        "r": 0.49244497726203834,
        "p": 0.00028049823185940094,
        "n": 50
      },
      "obsessive_perfectionist": {
        "r": 0.5568153052263186,
        "p": 2.6758810005859458e-05,
        "n": 50
      },
      "lazy_minimalist": {
        "r": 0.15232569250249273,
        "p": 0.29094989375024266,
        "n": 50
      },
      "nationalist_ideologue": {
        "r": 0.40831918587177796,