{
  "seeds": {
    "0": {
      "unilateral_first": {
        "-0.05": {
          "applied_coef": -0.05,
          "n_total": 180,
          "n_resp": 156,
          "n_steered": 70,
          "n_refuse": 24,
          "p_chose_steered": 0.44871794871794873,
          "refusal_rate": 0.13333333333333333
        },
        "-0.03": {
          "applied_coef": -0.03,
          "n_total": 180,
          "n_resp": 156,
          "n_steered": 87,
          "n_refuse": 24,
          "p_chose_steered": 0.5576923076923077,
          "refusal_rate": 0.13333333333333333
        },
        "+0.00": {
          "applied_coef": 0.0,
          "n_total": 180,
          "n_resp": 156,
          "n_steered": 93,
          "n_refuse": 24,
          "p_chose_steered": 0.5961538461538461,
          "refusal_rate": 0.13333333333333333
        },
        "+0.03": {
          "applied_coef": 0.03,
          "n_total": 180,
          "n_resp": 156,
          "n_steered": 75,
          "n_refuse": 24,
          "p_chose_steered": 0.4807692307692308,
          "refusal_rate": 0.13333333333333333
        },
        "+0.05": {
          "applied_coef": 0.05,
          "n_total": 180,
          "n_resp": 156,
          "n_steered": 63,
          "n_refuse": 24,
          "p_chose_steered": 0.40384615384615385,
          "refusal_rate": 0.13333333333333333
        }
      },
      "unilateral_second": {
        "-0.05": {
          "applied_coef": -0.05,
          "n_total": 180,
          "n_resp": 149,
          "n_steered": 47,
          "n_refuse": 31,
          "p_chose_steered": 0.31543624161073824,
          "refusal_rate": 0.17222222222222222
        },
        "-0.03": {
          "applied_coef": -0.03,
          "n_total": 180,
          "n_resp": 152,
          "n_steered": 58,
          "n_refuse": 28,
          "p_chose_steered": 0.3815789473684211,
          "refusal_rate": 0.15555555555555556
        },
        "+0.00": {
          "applied_coef": 0.0,
          "n_total": 180,
          "n_resp": 155,
          "n_steered": 60,
          "n_refuse": 25,
          "p_chose_steered": 0.3870967741935484,
          "refusal_rate": 0.1388888888888889
        },
        "+0.03": {
          "applied_coef": 0.03,
          "n_total": 180,
          "n_resp": 156,
          "n_steered": 66,
          "n_refuse": 24,
          "p_chose_steered": 0.4230769230769231,
          "refusal_rate": 0.13333333333333333
        },
        "+0.05": {
          "applied_coef": 0.05,
          "n_total": 180,
          "n_resp": 156,
          "n_steered": 51,
          "n_refuse": 24,
          "p_chose_steered": 0.3269230769230769,
          "refusal_rate": 0.13333333333333333
        }
      }
    },
    "1": {
      "unilateral_first": {
        "-0.05": {
          "applied_coef": -0.05,
          "n_total": 180,
          "n_resp": 156,
          "n_steered": 81,
          "n_refuse": 24,
          "p_chose_steered": 0.5192307692307693,
          "refusal_rate": 0.13333333333333333
        },
        "-0.03": {
          "applied_coef": -0.03,
          "n_total": 180,
          "n_resp": 156,
          "n_steered": 81,
          "n_refuse": 24,
          "p_chose_steered": 0.5192307692307693,
          "refusal_rate": 0.13333333333333333
        },
        "+0.00": {
          "applied_coef": 0.0,
          "n_total": 180,
          "n_resp": 156,
          "n_steered": 95,
          "n_refuse": 24,
          "p_chose_steered": 0.6089743589743589,
          "refusal_rate": 0.13333333333333333
        },
        "+0.03": {
          "applied_coef": 0.03,
          "n_total": 180,
          "n_resp": 156,
          "n_steered": 76,
          "n_refuse": 24,
          "p_chose_steered": 0.48717948717948717,
          "refusal_rate": 0.13333333333333333
        },
        "+0.05": {
          "applied_coef": 0.05,
          "n_total": 180,
          "n_resp": 155,
          "n_steered": 67,
          "n_refuse": 25,
          "p_chose_steered": 0.432258064516129,
          "refusal_rate": 0.1388888888888889
        }
      },
      "unilateral_second": {
        "-0.05": {
          "applied_coef": -0.05,
          "n_total": 180,
          "n_resp": 156,
          "n_steered": 63,
          "n_refuse": 24,
          "p_chose_steered": 0.40384615384615385,
          "refusal_rate": 0.13333333333333333
        },
        "-0.03": {
          "applied_coef": -0.03,
          "n_total": 180,
          "n_resp": 156,
          "n_steered": 57,
          "n_refuse": 24,
          "p_chose_steered": 0.36538461538461536,
          "refusal_rate": 0.13333333333333333
        },
        "+0.00": {
          "applied_coef": 0.0,
          "n_total": 180,
          "n_resp": 156,
          "n_steered": 61,
          "n_refuse": 24,
          "p_chose_steered": 0.391025641025641,
          "refusal_rate": 0.13333333333333333
        },
        "+0.03": {
          "applied_coef": 0.03,
          "n_total": 180,
          "n_resp": 153,
          "n_steered": 66,
          "n_refuse": 27,
          "p_chose_steered": 0.43137254901960786,
          "refusal_rate": 0.15
        },
        "+0.05": {
          "applied_coef": 0.05,
          "n_total": 180,
          "n_resp": 153,
          "n_steered": 54,
          "n_refuse": 27,
          "p_chose_steered": 0.35294117647058826,
          "refusal_rate": 0.15
        }
      }
    },
    "2": {
      "unilateral_first": {
        "-0.05": {
          "applied_coef": -0.05,
          "n_total": 180,
          "n_resp": 156,
          "n_steered": 74,
          "n_refuse": 24,
          "p_chose_steered": 0.47435897435897434,
          "refusal_rate": 0.13333333333333333
        },
        "-0.03": {
          "applied_coef": -0.03,
          "n_total": 180,
          "n_resp": 156,
          "n_steered": 85,
          "n_refuse": 24,
          "p_chose_steered": 0.5448717948717948,
          "refusal_rate": 0.13333333333333333
        },
        "+0.00": {
          "applied_coef": 0.0,
          "n_total": 180,
          "n_resp": 156,
          "n_steered": 95,
          "n_refuse": 24,
          "p_chose_steered": 0.6089743589743589,
          "refusal_rate": 0.13333333333333333
        },
        "+0.03": {
          "applied_coef": 0.03,
          "n_total": 180,
          "n_resp": 156,
          "n_steered": 73,
          "n_refuse": 24,
          "p_chose_steered": 0.46794871794871795,
          "refusal_rate": 0.13333333333333333
        },
        "+0.05": {
          "applied_coef": 0.05,
          "n_total": 180,
          "n_resp": 156,
          "n_steered": 59,
          "n_refuse": 24,
          "p_chose_steered": 0.3782051282051282,
          "refusal_rate": 0.13333333333333333
        }
      },
      "unilateral_second": {
        "-0.05": {
          "applied_coef": -0.05,
          "n_total": 180,
          "n_resp": 156,
          "n_steered": 64,
          "n_refuse": 24,
          "p_chose_steered": 0.41025641025641024,
          "refusal_rate": 0.13333333333333333
        },
        "-0.03": {
          "applied_coef": -0.03,
          "n_total": 180,
          "n_resp": 156,
          "n_steered": 74,
          "n_refuse": 24,
          "p_chose_steered": 0.47435897435897434,
          "refusal_rate": 0.13333333333333333
        },
        "+0.00": {
          "applied_coef": 0.0,
          "n_total": 180,
          "n_resp": 156,
          "n_steered": 62,
          "n_refuse": 24,
          "p_chose_steered": 0.3974358974358974,
          "refusal_rate": 0.13333333333333333
        },
        "+0.03": {
          "applied_coef": 0.03,
          "n_total": 180,
          "n_resp": 153,
          "n_steered": 55,
          "n_refuse": 27,
          "p_chose_steered": 0.35947712418300654,
          "refusal_rate": 0.15
        },
        "+0.05": {
          "applied_coef": 0.05,
          "n_total": 180,
          "n_resp": 152,
          "n_steered": 49,
          "n_refuse": 28,