{
  "directions_dir": "experiments/probe_science/probe_direction_uniqueness/persona_prompt_tracking/output/L32_tb-5",
  "layer": 32,
  "d": 5376,
  "random_seeds": 5,
  "min_tasks": 30,
  "n_train_tasks": 10000,
  "conditions": [
    {
      "experiment": "1b",
      "persona": "baseline",
      "split": null,
      "is_baseline": true,
      "n_matched": 48,
      "n_overlap_train": 0,
      "r_w0": 0.09624527060102261,
      "r_w1": 0.055417334742612415,
      "r_w2": -0.03594131625526659,
      "r_random_0": -0.10047526427834023,
      "r_random_1": 0.2760827113821794,
      "r_random_2": -0.16191402682370837,
      "r_random_3": 0.30322641604644984,
      "r_random_4": 0.10203397307184955,
      "r_random_mean": 0.08379076187968604,
      "r_random_std": 0.18962374666982879,
      "r_random_p95_abs": 0.29779767511359573
    },
    {
      "experiment": "1b",
      "persona": "ancient_history_pos_persona",
      "split": null,
      "is_baseline": false,
      "n_matched": 48,
      "n_overlap_train": 0,
      "r_w0": 0.564551266980527,
      "r_w1": 0.5621104220470056,
      "r_w2": 0.4152997835423653,
      "r_random_0": -0.7658656111738671,
      "r_random_1": 0.054381635922141264,
      "r_random_2": -0.023331826211324347,
      "r_random_3": 0.1843178108211375,
      "r_random_4": 0.47022768253449554,
      "r_random_mean": -0.016054061621483418,
      "r_random_std": 0.41081634221475943,
      "r_random_p95_abs": 0.7067380254459927
    },
    {
      "experiment": "1b",
      "persona": "ancient_history_neg_persona",
      "split": null,
      "is_baseline": false,
      "n_matched": 48,
      "n_overlap_train": 0,
      "r_w0": 0.9012256634437256,
      "r_w1": 0.8333284903540155,
      "r_w2": 0.8349735087145926,
      "r_random_0": 0.4270934064295967,
      "r_random_1": 0.06467127189991144,
      "r_random_2": 0.4104977946028938,
      "r_random_3": -0.4281650742585006,
      "r_random_4": -0.22072152046583648,
      "r_random_mean": 0.05067517564161299,
      "r_random_std": 0.33891091569278936,
      "r_random_p95_abs": 0.4279507406927198
    },
    {
      "experiment": "1b",
      "persona": "astronomy_pos_persona",
      "split": null,
      "is_baseline": false,
      "n_matched": 48,
      "n_overlap_train": 0,
      "r_w0": 0.7082820884256608,
      "r_w1": 0.7347171576362775,
      "r_w2": 0.6721772612017578,
      "r_random_0": -0.6598022974044491,
      "r_random_1": 0.18884873340521988,
      "r_random_2": -0.2852321868086964,
      "r_random_3": -0.21735409887364654,
      "r_random_4": 0.5503882792126397,
      "r_random_mean": -0.08463031409378648,
      "r_random_std": 0.4163457524784843,
      "r_random_p95_abs": 0.6379194937660871
    },
    {
      "experiment": "1b",
      "persona": "astronomy_neg_persona",
      "split": null,
      "is_baseline": false,
      "n_matched": 48,
      "n_overlap_train": 0,
      "r_w0": 0.8699632159047572,
      "r_w1": 0.7412101119470406,
      "r_w2": 0.759677447013638,
      "r_random_0": -0.5220133814363502,
      "r_random_1": -0.22512281808859586,
      "r_random_2": 0.4340213846766583,
      "r_random_3": -0.5639957132218377,
      "r_random_4": -0.16833436125017134,
      "r_random_mean": -0.2090889778640594,
      "r_random_std": 0.3576001773960227,
      "r_random_p95_abs": 0.5555992468647403
    },
    {
      "experiment": "1b",
      "persona": "cats_pos_persona",
      "split": null,
      "is_baseline": false,
      "n_matched": 48,
      "n_overlap_train": 0,
      "r_w0": 0.7318712152436682,
      "r_w1": 0.7323610875302935,
      "r_w2": 0.640556666796346,
      "r_random_0": -0.6326517538077463,
      "r_random_1": 0.012603834552743678,
      "r_random_2": -0.3856957860223945,
      "r_random_3": -0.2607213079671932,
      "r_random_4": 0.3633378643997353,
      "r_random_mean": -0.18062542976897103,
      "r_random_std": 0.34235379721435544,
      "r_random_p95_abs": 0.5832605602506759
    },
    {
      "experiment": "1b",
      "persona": "cats_neg_persona",
      "split": null,
      "is_baseline": false,
      "n_matched": 48,
      "n_overlap_train": 0,
      "r_w0": 0.9144787339664329,
      "r_w1": 0.7608378337317849,
      "r_w2": 0.7727000051012409,
      "r_random_0": -0.284566536415217,
      "r_random_1": -0.04405958011785613,
      "r_random_2": 0.500128384654456,
      "r_random_3": 0.03621943746489151,
      "r_random_4": 0.5822954526109625,
      "r_random_mean": 0.15800343163944736,
      "r_random_std": 0.3312407526609797,
      "r_random_p95_abs": 0.5658620390196611
    },
    {
      "experiment": "1b",
      "persona": "cheese_pos_persona",
      "split": null,
      "is_baseline": false,
      "n_matched": 48,
      "n_overlap_train": 0,
      "r_w0": 0.5173860578922197,
      "r_w1": 0.6011831869721569,
      "r_w2": 0.628159842539264,
      "r_random_0": -0.5899387134597479,
      "r_random_1": -0.05780020848147703,
      "r_random_2": -0.47463339910056235,
      "r_random_3": -0.20716193659981785,
      "r_random_4": 0.5991372462356315,
      "r_random_mean": -0.14607940228119473,
      "r_random_std": 0.4175717811895927,
      "r_random_p95_abs": 0.5972975396804547
    },
    {
      "experiment": "1b",
      "persona": "cheese_neg_persona",
      "split": null,
      "is_baseline": false,
      "n_matched": 48,
      "n_overlap_train": 0,
      "r_w0": 0.8902260528116958,
      "r_w1": 0.7032262653087806,
      "r_w2": 0.6798421863129973,
      "r_random_0": 0.22048259489059618,
      "r_random_1": 0.6736699644121307,
      "r_random_2": 0.6477684697214283,
      "r_random_3": -0.025584408929433283,
      "r_random_4": -0.06851342213201693,
      "r_random_mean": 0.289564639592541,
      "r_random_std": 0.3187971249703142,
      "r_random_p95_abs": 0.6684896654739902
    },
    {
      "experiment": "1b",
      "persona": "classical_music_pos_persona",
      "split": null,
      "is_baseline": false,
      "n_matched": 48,
      "n_overlap_train": 0,
      "r_w0": 0.7908737760139708,
      "r_w1": 0.7989240974304104,
      "r_w2": 0.7736693243910775,
      "r_random_0": -0.7321274722447495,
      "r_random_1": -0.1726544468976899,
      "r_random_2": -0.7506677100253851,
      "r_random_3": 0.35454226865036353,
      "r_random_4": 0.3842366216435237,
      "r_random_mean": -0.18333414777478743,
      "r_random_std": 0.496911090134649,
      "r_random_p95_abs": 0.746959662469258
    },
    {
      "experiment": "1b",
      "persona": "classical_music_neg_persona",
      "split": null,
      "is_baseline": false,
      "n_matched": 48,
      "n_overlap_train": 0,
      "r_w0": 0.9068924490047947,
      "r_w1": 0.7098866227428982,
      "r_w2": 0.6381784143694167,
      "r_random_0": -0.38613673619607936,
      "r_random_1": 0.039586129467257834,
      "r_random_2": 0.6569365684528223,
      "r_random_3": -0.11436498754908203,
      "r_random_4": -0.22249624263345136,
      "r_random_mean": -0.005295053691706519,
      "r_random_std": 0.35907604655617,
      "r_random_p95_abs": 0.6027766020014736
    },
    {
      "experiment": "1b",
      "persona": "cooking_pos_persona",
      "split": null,
      "is_baseline": false,
      "n_matched": 48,
      "n_overlap_train": 0,
      "r_w0": 0.7103826813663076,
      "r_w1": 0.7696765148943564,
      "r_w2": 0.7302571362707566,
      "r_random_0": -0.7352974694589559,
      "r_random_1": -0.09613882830321091,
      "r_random_2": -0.5764335705061732,
      "r_random_3": -0.37623258959003036,
      "r_random_4": 0.48065312381159175,
      "r_random_mean": -0.2606898668093557,
      "r_random_std": 0.4277763569251618,
      "r_random_p95_abs": 0.7035246896683993
    },
    {
      "experiment": "1b",
      "persona": "cooking_neg_persona",
      "split": null,
      "is_baseline": false,
      "n_matched": 48,
      "n_overlap_train": 0,
      "r_w0": 0.8289696994108883,
      "r_w1": 0.6394964791412612,
      "r_w2": 0.6492638535891607,
      "r_random_0": -0.3410415912011587,