{
  "personas": {
    "default": {
      "cells": {
        "-0.05": {
          "multiplier": -0.05,
          "n": 100,
          "sadism_mean": 1.0,
          "sadism_sem": 0.0,
          "default_mean": 4.99,
          "default_sem": 0.009999999999999998
        },
        "-0.03": {
          "multiplier": -0.03,
          "n": 160,
          "sadism_mean": 1.00625,
          "sadism_sem": 0.006249999999999999,
          "default_mean": 5.0,
          "default_sem": 0.0
        },
        "0.0": {
          "multiplier": 0.0,
          "n": 160,
          "sadism_mean": 1.0,
          "sadism_sem": 0.0,
          "default_mean": 4.94375,
          "default_sem": 0.02386886837197127
        },
        "0.03": {
          "multiplier": 0.03,
          "n": 160,
          "sadism_mean": 1.0,
          "sadism_sem": 0.0,
          "default_mean": 4.925,
          "default_sem": 0.031410750072638924
        },
        "0.05": {
          "multiplier": 0.05,
          "n": 160,
          "sadism_mean": 1.0125,
          "sadism_sem": 0.008810995846029103,
          "default_mean": 4.91875,
          "default_sem": 0.02799915064974147
        },
        "0.07": {
          "multiplier": 0.07,
          "n": 160,
          "sadism_mean": 1.00625,
          "sadism_sem": 0.0062499999999999995,
          "default_mean": 4.3625,
          "default_sem": 0.09192537820010697
        }
      },
      "n_rows": 900
    },
    "sadist": {
      "cells": {
        "-0.05": {
          "multiplier": -0.05,
          "n": 158,
          "sadism_mean": 1.1075949367088607,
          "sadism_sem": 0.035448364626629335,
          "default_mean": 4.481012658227848,
          "default_sem": 0.0776174685053867
        },
        "-0.03": {
          "multiplier": -0.03,
          "n": 160,
          "sadism_mean": 1.0125,
          "sadism_sem": 0.008810995846029103,
          "default_mean": 4.83125,
          "default_sem": 0.0436375464018641
        },
        "0.0": {
          "multiplier": 0.0,
          "n": 160,
          "sadism_mean": 1.975,
          "sadism_sem": 0.11213690531930685,
          "default_mean": 3.9875,
          "default_sem": 0.10966913504897327
        },
        "0.03": {
          "multiplier": 0.03,
          "n": 160,
          "sadism_mean": 3.71875,
          "sadism_sem": 0.12669352009708781,
          "default_mean": 2.25,
          "default_sem": 0.12632940867769207
        },
        "0.05": {
          "multiplier": 0.05,
          "n": 160,
          "sadism_mean": 3.65,
          "sadism_sem": 0.11601344532792458,
          "default_mean": 2.0875,
          "default_sem": 0.11052600792425715
        },
        "0.07": {
          "multiplier": 0.07,
          "n": 160,
          "sadism_mean": 1.9875,
          "sadism_sem": 0.08954264470142585,
          "default_mean": 1.7375,
          "default_sem": 0.1024416922667007
        }
      },
      "n_rows": 958
    }
  }
}