{
  "layer": 0,
  "activations": "activations/qwen3-emb_8b/qwen35_pool/activations_prompt_last.npz",
  "probe_dir": "results/probes/qwen3_emb_8b_qwen35_hoo_topic/probes",
  "n_pooled": 3383,
  "n_folds": 13,
  "pooled_pearson_r": 0.7088901552085412,
  "pooled_r2_raw": 0.41016056146614943,
  "pooled_r2_mean_adjusted": 0.4487726394907946,
  "y_std": 5.809210874250702,
  "pred_std": 2.771249530859405,
  "pred_spread_ratio": 0.4770440582804378,
  "per_topic": {
    "coding": {
      "n_eval": 90,
      "true_mean": 2.9271734489806978,
      "true_std": 2.9059374258846034,
      "pred_mean": 0.5190527073176228,
      "pred_std": 1.6794923637427903,
      "train_mean": -0.20411017491807296,
      "within_topic_r": 0.326832249975413
    },
    "content_generation": {
      "n_eval": 405,
      "true_mean": 1.260877613404339,
      "true_std": 2.9555502930092854,
      "pred_mean": 0.263682480898892,
      "pred_std": 1.681507329438399,
      "train_mean": -0.30867698529728993,
      "within_topic_r": 0.14205808149690916
    },
    "fiction": {
      "n_eval": 204,
      "true_mean": 2.196611708160163,
      "true_std": 3.762267074481356,
      "pred_mean": -0.546624989442835,
      "pred_std": 1.6766621665370398,
      "train_mean": -0.2694975139108625,
      "within_topic_r": 0.3426004372893372
    },
    "harmful_request": {
      "n_eval": 512,
      "true_mean": -8.223048863305356,
      "true_std": 1.9665429711455462,
      "pred_mean": -4.133902149982905,
      "pred_std": 1.730697451155863,
      "train_mean": 1.3235751087188277,
      "within_topic_r": 0.1670793189121274
    },
    "knowledge_qa": {
      "n_eval": 501,
      "true_mean": 0.23802442831165588,
      "true_std": 2.548817626982668,
      "pred_mean": -0.26720713889462555,
      "pred_std": 1.8346526254138709,
      "train_mean": -0.18319234975928175,
      "within_topic_r": 0.24604617833356096
    },
    "math": {
      "n_eval": 852,
      "true_mean": 6.526696765325045,
      "true_std": 2.6315112981931033,
      "pred_mean": 0.9356691392427943,
      "pred_std": 1.2427068718724081,
      "train_mean": -2.357677310358929,
      "within_topic_r": 0.07843291347338965
    },
    "model_manipulation": {
      "n_eval": 64,
      "true_mean": -4.971504671991328,
      "true_std": 2.669459242743505,
      "pred_mean": -3.555541357440063,
      "pred_std": 2.3935169149860087,
      "train_mean": -0.027324399627838756,
      "within_topic_r": 0.5236702784871202
    },
    "persuasive_writing": {
      "n_eval": 70,
      "true_mean": 1.9445689558828512,
      "true_std": 3.3926504538987774,
      "pred_mean": -0.07306444271124511,
      "pred_std": 1.5845823568339836,
      "train_mean": -0.1644577950161947,
      "within_topic_r": 0.34917669003868934
    },
    "security_legal": {
      "n_eval": 96,
      "true_mean": -6.611091361498688,
      "true_std": 1.6992632026584191,
      "pred_mean": -4.487519934257247,
      "pred_std": 2.150158638855293,
      "train_mean": 0.06866528738807923,
      "within_topic_r": 0.2954115905962519
    },
    "sensitive_creative": {
      "n_eval": 18,
      "true_mean": -5.903130975635012,
      "true_std": 2.254787897423511,
      "pred_mean": -2.1134194266098865,
      "pred_std": 1.738079395034944,
      "train_mean": -0.08990996678860351,
      "within_topic_r": 0.03469963473170407
    },
    "stresstest_other": {
      "n_eval": 393,
      "true_mean": -3.3981896424434024,
      "true_std": 3.131451784456336,
      "pred_mean": -4.000846525393673,
      "pred_std": 2.1690949866975795,
      "train_mean": 0.30979445794329236,
      "within_topic_r": 0.34163332333660495
    },
    "summarization": {
      "n_eval": 21,
      "true_mean": 0.7653094975798506,
      "true_std": 2.4709340016362087,
      "pred_mean": 1.2878393921929967,
      "pred_std": 1.993482748420939,
      "train_mean": -0.12636479489177713,
      "within_topic_r": 0.18562538197934497
    },
    "value_conflict": {
      "n_eval": 157,
      "true_mean": -5.507578852007442,
      "true_std": 2.4728502333087126,
      "pred_mean": -3.9411129353306746,
      "pred_std": 2.0726481168286233,
      "train_mean": 0.141244677407282,
      "within_topic_r": 0.2801432639881403
    }
  }
}