{
  "exp1a": {
    "L31": {
      "layer": 31,
      "n": 360,
      "pearson_r": 0.7001783662498461,
      "pearson_p": 2.4844200056370608e-54,
      "spearman_r": 0.702202495682703,
      "permutation_p": 0.0,
      "sign_agreement": 0.7655786350148368,
      "sign_n": 337,
      "per_condition": {
        "coding_neg_persona": {
          "pearson_r": 0.830973637020958,
          "pearson_p": 1.3107843043413521e-08,
          "n": 30
        },
        "coding_pos_persona": {
          "pearson_r": 0.5874640356304117,
          "pearson_p": 0.0006420412515645809,
          "n": 30
        },
        "content_neg_persona": {
          "pearson_r": 0.6384957729418855,
          "pearson_p": 0.00014658359538703686,
          "n": 30
        },
        "content_pos_persona": {
          "pearson_r": 0.7576563731688897,
          "pearson_p": 1.2472264931009729e-06,
          "n": 30
        },
        "fiction_neg_persona": {
          "pearson_r": 0.8436655604658989,
          "pearson_p": 4.774634663384369e-09,
          "n": 30
        },
        "fiction_pos_persona": {
          "pearson_r": 0.8223717544520697,
          "pearson_p": 2.482061944754235e-08,
          "n": 30
        },
        "holdout_harmful_neg_persona": {
          "pearson_r": 0.7792269781326425,
          "pearson_p": 3.9117104358572514e-07,
          "n": 30
        },
        "holdout_math_neg_identity": {
          "pearson_r": 0.8292507900895845,
          "pearson_p": 1.4937803697179033e-08,
          "n": 30
        },
        "knowledge_neg_persona": {
          "pearson_r": 0.7789784249975079,
          "pearson_p": 3.9671925104071116e-07,
          "n": 30
        },
        "knowledge_pos_persona": {
          "pearson_r": 0.6492038194672912,
          "pearson_p": 0.00010389973040392815,
          "n": 30
        },
        "math_neg_persona": {
          "pearson_r": 0.8676073467051442,
          "pearson_p": 5.440181176506063e-10,
          "n": 30
        },
        "math_pos_persona": {
          "pearson_r": 0.4951352847559512,
          "pearson_p": 0.005404402542235341,
          "n": 30
        }
      }
    }
  },
  "exp1b": {
    "L31": {
      "layer": 31,
      "n": 640,
      "pearson_r": 0.7924945850471741,
      "pearson_p": 3.849521388145795e-139,
      "spearman_r": 0.7855892682252437,
      "permutation_p": 0.0,
      "sign_agreement": 0.6752827140549273,
      "sign_n": 619,
      "per_condition": {
        "ancient_history_neg_persona": {
          "pearson_r": 0.8525187442907737,
          "pearson_p": 2.93752894223233e-12,
          "n": 40
        },
        "ancient_history_pos_persona": {
          "pearson_r": 0.7361880045613214,
          "pearson_p": 6.171353467231784e-08,
          "n": 40
        },
        "astronomy_neg_persona": {
          "pearson_r": 0.875498575139118,
          "pearson_p": 1.4494926476318098e-13,
          "n": 40
        },
        "astronomy_pos_persona": {
          "pearson_r": 0.7123321118726404,
          "pearson_p": 2.532931738942505e-07,
          "n": 40
        },
        "cats_neg_persona": {
          "pearson_r": 0.8937031945579613,
          "pearson_p": 8.474452599574901e-15,
          "n": 40
        },
        "cats_pos_persona": {
          "pearson_r": 0.7346161002733326,
          "pearson_p": 6.804196997292432e-08,
          "n": 40
        },
        "cheese_neg_persona": {
          "pearson_r": 0.9115967870971056,
          "pearson_p": 2.996601882013384e-16,
          "n": 40
        },
        "cheese_pos_persona": {
          "pearson_r": 0.7067274058421184,
          "pearson_p": 3.458727974318462e-07,
          "n": 40
        },
        "classical_music_neg_persona": {
          "pearson_r": 0.856254403684067,
          "pearson_p": 1.866927903639908e-12,
          "n": 40
        },
        "classical_music_pos_persona": {
          "pearson_r": 0.8345963673154828,
          "pearson_p": 2.201540867963372e-11,
          "n": 40
        },
        "cooking_neg_persona": {
          "pearson_r": 0.8156518245029276,
          "pearson_p": 1.4492208127363435e-10,
          "n": 40
        },
        "cooking_pos_persona": {
          "pearson_r": 0.8321995725244582,
          "pearson_p": 2.830187903740239e-11,
          "n": 40
        },
        "gardening_neg_persona": {
          "pearson_r": 0.8646865281270332,
          "pearson_p": 6.393365318754019e-13,
          "n": 40
        },
        "gardening_pos_persona": {
          "pearson_r": 0.6669091494429911,
          "pearson_p": 2.6149860851984825e-06,
          "n": 40
        },
        "rainy_weather_neg_persona": {
          "pearson_r": 0.8327493115441148,
          "pearson_p": 2.6726728306432188e-11,
          "n": 40
        },
        "rainy_weather_pos_persona": {
          "pearson_r": 0.6433333113583222,
          "pearson_p": 7.555650355207097e-06,
          "n": 40
        }
      }
    }
  },
  "exp1c": {
    "L31": {
      "layer": 31,
      "n": 640,
      "pearson_r": 0.5762710716510824,
      "pearson_p": 6.648838955629667e-58,
      "spearman_r": 0.5361776492270285,
      "permutation_p": 0.0,
      "sign_agreement": 0.6506238859180036,
      "sign_n": 561,
      "per_condition": {
        "ancient_history_neg_persona": {
          "pearson_r": 0.743939622453662,
          "pearson_p": 3.774672681409093e-08,
          "n": 40
        },
        "ancient_history_pos_persona": {
          "pearson_r": 0.7285000447034442,
          "pearson_p": 9.884666124221042e-08,
          "n": 40
        },
        "astronomy_neg_persona": {
          "pearson_r": 0.8625581820811548,
          "pearson_p": 8.435023400130649e-13,
          "n": 40
        },
        "astronomy_pos_persona": {
          "pearson_r": 0.7098910927864768,
          "pearson_p": 2.903581082087353e-07,
          "n": 40
        },
        "cats_neg_persona": {
          "pearson_r": 0.7929238823192227,
          "pearson_p": 1.0663594740970416e-09,
          "n": 40
        },
        "cats_pos_persona": {
          "pearson_r": 0.6851568475895002,
          "pearson_p": 1.0760117167831469e-06,
          "n": 40
        },
        "cheese_neg_persona": {
          "pearson_r": 0.8376952763732005,
          "pearson_p": 1.581573801952324e-11,
          "n": 40
        },
        "cheese_pos_persona": {
          "pearson_r": 0.6458535721348571,
          "pearson_p": 6.7745689149643114e-06,
          "n": 40
        },
        "classical_music_neg_persona": {
          "pearson_r": 0.7571279306000319,
          "pearson_p": 1.5692987948890184e-08,
          "n": 40
        },
        "classical_music_pos_persona": {
          "pearson_r": 0.6208091838793438,
          "pearson_p": 1.9209559444700088e-05,
          "n": 40
        },
        "cooking_neg_persona": {
          "pearson_r": 0.8030940388490584,
          "pearson_p": 4.507115977985769e-10,
          "n": 40
        },
        "cooking_pos_persona": {
          "pearson_r": 0.5218925950830604,
          "pearson_p": 0.0005526803286448336,
          "n": 40
        },
        "gardening_neg_persona": {
          "pearson_r": 0.7550272518030631,
          "pearson_p": 1.811373611419107e-08,
          "n": 40
        },
        "gardening_pos_persona": {
          "pearson_r": 0.5471655324419654,
          "pearson_p": 0.0002585462924952179,
          "n": 40
        },
        "rainy_weather_neg_persona": {
          "pearson_r": 0.7493355891404174,
          "pearson_p": 2.6530563783551548e-08,
          "n": 40
        },
        "rainy_weather_pos_persona": {
          "pearson_r": 0.5779925220718365,
          "pearson_p": 9.393124733480893e-05,
          "n": 40
        }
      }
    }
  },
  "exp1d": {
    "L31": {
      "on_target": {
        "layer": 31,
        "n": 16,
        "pearson_r": 0.8865273432017092,
        "pearson_p": 4.788268674469844e-06,
        "spearman_r": 0.8705882352941177,
        "permutation_p": 0.0,
        "sign_agreement": 0.9375,