{
  "exp1a": {
    "layer": 31,
    "n": 360,
    "n_on_target": 60,
    "n_pos": 25,
    "n_neg": 35,
    "behavioral_r2": 0.23316185596619807,
    "behavioral_r2_on_target": 0.7053379588878421,
    "behavioral_slope": 0.38055296957800455,
    "behavioral_sign_agreement": 0.95,
    "probe_r2": 0.13474419646995778,
    "probe_r2_on_target": 0.5492620034325029,
    "probe_slope": 2.77654541767758,
    "probe_sign_agreement": 0.9166666666666666,
    "beh_probe_r_all": 0.700178366249846,
    "beh_probe_r_on_target": 0.8652433173701847,
    "beh_probe_sign_all": 0.7655786350148368,
    "beh_probe_sign_all_n": 337,
    "beh_probe_sign_on_target": 0.9649122807017544,
    "beh_probe_sign_on_target_n": 57,
    "beh_gt_r_all": 0.48286836297918534,
    "beh_gt_r_on_target": 0.8398440086634199,
    "probe_gt_r_all": 0.3670751918476082,
    "probe_gt_r_on_target": 0.7411221245061465
  },
  "exp1b": {
    "layer": 31,
    "n": 640,
    "n_on_target": 80,
    "n_pos": 40,
    "n_neg": 40,
    "behavioral_r2": 0.32166037035386497,
    "behavioral_r2_on_target": 0.8874835609927103,
    "behavioral_slope": 0.4813838191353934,
    "behavioral_sign_agreement": 1.0,
    "probe_r2": 0.2679616134660136,
    "probe_r2_on_target": 0.8579588022225324,
    "probe_slope": 3.7626270960598185,
    "probe_sign_agreement": 0.95,
    "beh_probe_r_all": 0.7924945850471741,
    "beh_probe_r_on_target": 0.9393904046761626,
    "beh_probe_sign_all": 0.6752827140549273,
    "beh_probe_sign_all_n": 619,
    "beh_probe_sign_on_target": 0.95,
    "beh_probe_sign_on_target_n": 80,
    "beh_gt_r_all": 0.5671511001081324,
    "beh_gt_r_on_target": 0.9420634591112802,
    "probe_gt_r_all": 0.5176500878643928,
    "probe_gt_r_on_target": 0.9262606556593733
  },
  "exp1c": {
    "layer": 31,
    "n": 640,
    "n_on_target": 80,
    "n_pos": 40,
    "n_neg": 40,
    "behavioral_r2": 0.2701914682690145,
    "behavioral_r2_on_target": 0.6548776763397576,
    "behavioral_slope": 0.360727363113678,
    "behavioral_sign_agreement": 0.9625,
    "probe_r2": 0.05640319736232549,
    "probe_r2_on_target": 0.3025315069653507,
    "probe_slope": 1.5530292809025206,
    "probe_sign_agreement": 0.8375,
    "beh_probe_r_all": 0.5762710716510824,
    "beh_probe_r_on_target": 0.7882731178818398,
    "beh_probe_sign_all": 0.6506238859180036,
    "beh_probe_sign_all_n": 561,
    "beh_probe_sign_on_target": 0.8783783783783784,
    "beh_probe_sign_on_target_n": 74,
    "beh_gt_r_all": 0.5197994500468566,
    "beh_gt_r_on_target": 0.8092451274735964,
    "probe_gt_r_all": 0.23749357330741705,
    "probe_gt_r_on_target": 0.5500286419499902
  },
  "exp1d": {
    "layer": 31,
    "n": 640,
    "n_on_target": 176,
    "n_pos": 88,
    "n_neg": 88,
    "behavioral_r2": 0.26354764417842536,
    "behavioral_r2_on_target": 0.574569361016648,
    "behavioral_slope": 0.33035358745682264,
    "behavioral_sign_agreement": 0.9034090909090909,
    "probe_r2": 0.24133043138801955,
    "probe_r2_on_target": 0.527577804508632,
    "probe_slope": 3.136900330845173,
    "probe_sign_agreement": 0.8295454545454546,
    "beh_probe_r_all": 0.8143620335934358,
    "beh_probe_r_on_target": 0.9047902384450268,
    "beh_probe_sign_all": 0.8302828618968386,
    "beh_probe_sign_all_n": 601,
    "beh_probe_sign_on_target": 0.8795180722891566,
    "beh_probe_sign_on_target_n": 166,
    "beh_gt_r_all": 0.5133689162565507,
    "beh_gt_r_on_target": 0.7580035362824157,
    "probe_gt_r_all": 0.4912539377837286,
    "probe_gt_r_on_target": 0.7263455131744337
  }
}