{
  "layer": 38,
  "activations": "activations/qwen35_122b/pref_main/activations_turn_boundary:-1.npz",
  "probe_dir": "results/probes/qwen35_122b/qwen35_122b_hoo_topic_turn_boundary_m1_L38_uniform/probes",
  "n_pooled": 9993,
  "n_folds": 13,
  "pooled_pearson_r": 0.886237413310622,
  "pooled_r2_raw": 0.7288634019495868,
  "pooled_r2_mean_adjusted": 0.756856625682203,
  "y_std": 5.665683176858322,
  "pred_std": 4.063654578912011,
  "pred_spread_ratio": 0.7172399959655612,
  "per_topic": {
    "coding": {
      "n_eval": 272,
      "true_mean": 2.780354663165616,
      "true_std": 2.8023672082686253,
      "pred_mean": 2.2526680310786342,
      "pred_std": 1.4295014113124336,
      "train_mean": 0.04284116715018704,
      "within_topic_r": 0.611812980324548
    },
    "content_generation": {
      "n_eval": 1278,
      "true_mean": 1.4474039152970863,
      "true_std": 3.032553094184328,
      "pred_mean": 1.4091618023031083,
      "pred_std": 2.196613170722786,
      "train_mean": -0.07767598764737385,
      "within_topic_r": 0.7302698565537304
    },
    "fiction": {
      "n_eval": 584,
      "true_mean": 2.334188138452434,
      "true_std": 3.6500314188367446,
      "pred_mean": 1.1526302432951003,
      "pred_std": 2.0440813428545277,
      "train_mean": -0.020234599090441625,
      "within_topic_r": 0.6682781299022805
    },
    "harmful_request": {
      "n_eval": 1492,
      "true_mean": -8.044789738453911,
      "true_std": 2.015737577710822,
      "pred_mean": -7.200180255229691,
      "pred_std": 1.7652992140116495,
      "train_mean": 1.5497041384601744,
      "within_topic_r": 0.5981973708179298
    },
    "knowledge_qa": {
      "n_eval": 1719,
      "true_mean": 0.10483377496472086,
      "true_std": 2.545526712660184,
      "pred_mean": 0.5294804725883228,
      "pred_std": 1.9534921361066182,
      "train_mean": 0.1199455028701886,
      "within_topic_r": 0.6438753122268197
    },
    "math": {
      "n_eval": 2519,
      "true_mean": 6.446967805795139,
      "true_std": 2.6554265957919165,
      "pred_mean": 2.5264165882899006,
      "pred_std": 1.163833140837384,
      "train_mean": -2.015672723395691,
      "within_topic_r": 0.5773998319512335
    },
    "model_manipulation": {
      "n_eval": 243,
      "true_mean": -5.176281954303211,
      "true_std": 2.6985677456332837,
      "pred_mean": -4.7826847944465465,
      "pred_std": 2.430208074230729,
      "train_mean": 0.24926620965140459,
      "within_topic_r": 0.6965725909510793
    },
    "persuasive_writing": {
      "n_eval": 217,
      "true_mean": 1.1669827963324348,
      "true_std": 3.224230593037932,
      "pred_mean": 0.7626250691247829,
      "pred_std": 2.4959551686996657,
      "train_mean": 0.0940496091450371,
      "within_topic_r": 0.7973074157765715
    },
    "security_legal": {
      "n_eval": 251,
      "true_mean": -6.329848289611594,
      "true_std": 1.9820088596393128,
      "pred_mean": -5.865245776210259,
      "pred_std": 2.0268738000078454,
      "train_mean": 0.2834394145650904,
      "within_topic_r": 0.6177670252726122
    },
    "sensitive_creative": {
      "n_eval": 108,
      "true_mean": -4.19298770113747,
      "true_std": 4.481663647373222,
      "pred_mean": -3.319901936401613,
      "pred_std": 3.7802149377480827,
      "train_mean": 0.1644346517436792,
      "within_topic_r": 0.7207766194325056
    },
    "stresstest_other": {
      "n_eval": 1087,
      "true_mean": -3.097627189629091,
      "true_std": 3.3925428142009735,
      "pred_mean": -4.048664719511258,
      "pred_std": 2.2824143914022472,
      "train_mean": 0.5096978837478374,
      "within_topic_r": 0.7395684309494438
    },
    "summarization": {
      "n_eval": 66,
      "true_mean": 0.8805885785323735,
      "true_std": 2.40662187145291,
      "pred_mean": 1.691970738924844,
      "pred_std": 1.6819856889145786,
      "train_mean": 0.11227230552296828,
      "within_topic_r": 0.5834488088408282
    },
    "value_conflict": {
      "n_eval": 157,
      "true_mean": -5.507578852007442,
      "true_std": 2.4728502333087126,
      "pred_mean": -5.145294681958286,
      "pred_std": 2.0357654523053594,
      "train_mean": 0.20712088799230807,
      "within_topic_r": 0.6267711697470452
    }
  }
}