{
  "layer": 38,
  "activations": "activations/qwen35_122b/pref_main/activations_turn_boundary:-1.npz",
  "probe_dir": "results/probes/qwen35_122b/qwen35_122b_hoo_topic_turn_boundary_m1_L38_uniform/probes",
  "n_pooled": 3383,
  "n_folds": 13,
  "pooled_pearson_r": 0.8665783803058673,
  "pooled_r2_raw": 0.6816573637700032,
  "pooled_r2_mean_adjusted": 0.7181587681096322,
  "y_std": 5.809210874250702,
  "pred_std": 3.9820546021557086,
  "pred_spread_ratio": 0.6854725518411021,
  "per_topic": {
    "coding": {
      "n_eval": 90,
      "true_mean": 2.9271734489806978,
      "true_std": 2.9059374258846034,
      "pred_mean": 2.4073027320063076,
      "pred_std": 1.4285658934374814,
      "train_mean": -0.20411017491807296,
      "within_topic_r": 0.6451477848817986
    },
    "content_generation": {
      "n_eval": 405,
      "true_mean": 1.260877613404339,
      "true_std": 2.9555502930092854,
      "pred_mean": 1.3157299821111388,
      "pred_std": 1.8230960289640525,
      "train_mean": -0.30867698529728993,
      "within_topic_r": 0.6893255488513608
    },
    "fiction": {
      "n_eval": 204,
      "true_mean": 2.196611708160163,
      "true_std": 3.762267074481356,
      "pred_mean": 1.387696016507195,
      "pred_std": 1.9843100740143378,
      "train_mean": -0.2694975139108625,
      "within_topic_r": 0.7252649658346935
    },
    "harmful_request": {
      "n_eval": 512,
      "true_mean": -8.223048863305356,
      "true_std": 1.9665429711455462,
      "pred_mean": -7.345867183369225,
      "pred_std": 1.6492184702605295,
      "train_mean": 1.3235751087188277,
      "within_topic_r": 0.5068510051513105
    },
    "knowledge_qa": {
      "n_eval": 501,
      "true_mean": 0.23802442831165588,
      "true_std": 2.548817626982668,
      "pred_mean": 0.7544336495302352,
      "pred_std": 1.8338459351156347,
      "train_mean": -0.18319234975928175,
      "within_topic_r": 0.5783666681358582
    },
    "math": {
      "n_eval": 852,
      "true_mean": 6.526696765325045,
      "true_std": 2.6315112981931033,
      "pred_mean": 1.762537017998739,
      "pred_std": 0.9980300264731818,
      "train_mean": -2.357677310358929,
      "within_topic_r": 0.4897011449714701
    },
    "model_manipulation": {
      "n_eval": 64,
      "true_mean": -4.971504671991328,
      "true_std": 2.669459242743505,
      "pred_mean": -4.7220465215113245,
      "pred_std": 2.140266259330927,
      "train_mean": -0.027324399627838756,
      "within_topic_r": 0.7589874890389905
    },
    "persuasive_writing": {
      "n_eval": 70,
      "true_mean": 1.9445689558828512,
      "true_std": 3.3926504538987774,
      "pred_mean": 1.3479403434154444,
      "pred_std": 2.0532197261582485,
      "train_mean": -0.1644577950161947,
      "within_topic_r": 0.8210568344432695
    },
    "security_legal": {
      "n_eval": 96,
      "true_mean": -6.611091361498688,
      "true_std": 1.6992632026584191,
      "pred_mean": -6.000958406027276,
      "pred_std": 1.6319551881176253,
      "train_mean": 0.06866528738807923,
      "within_topic_r": 0.5408456597761842
    },
    "sensitive_creative": {
      "n_eval": 18,
      "true_mean": -5.903130975635012,
      "true_std": 2.254787897423511,
      "pred_mean": -4.2771935017424845,
      "pred_std": 3.0780289773987444,
      "train_mean": -0.08990996678860351,
      "within_topic_r": 0.5115990154354506
    },
    "stresstest_other": {
      "n_eval": 393,
      "true_mean": -3.3981896424434024,
      "true_std": 3.131451784456336,
      "pred_mean": -4.322588470008125,
      "pred_std": 2.1156824147268427,
      "train_mean": 0.30979445794329236,
      "within_topic_r": 0.7126346273827764
    },
    "summarization": {
      "n_eval": 21,
      "true_mean": 0.7653094975798506,
      "true_std": 2.4709340016362087,
      "pred_mean": 2.0386816748738665,
      "pred_std": 1.9986099034506264,
      "train_mean": -0.12636479489177713,
      "within_topic_r": 0.620168679417569
    },
    "value_conflict": {
      "n_eval": 157,
      "true_mean": -5.507578852007442,
      "true_std": 2.4728502333087126,
      "pred_mean": -5.1213599440340705,
      "pred_std": 1.9574929672167838,
      "train_mean": 0.141244677407282,
      "within_topic_r": 0.5938152503425254
    }
  }
}