train_persona,Aura,default,helpful_assistant,mathematician,neutral_long,pathological_liar,sadist,villain
default,-1.048728482012203,1.892055666060241,2.142353388993536,-0.8443964860990482,-0.5107349782469175,-1.1211157267031062,-0.712791285955809,-0.9139154961881557
pathological_liar,1.4289125268955636,1.722932035680285,1.4013577749324162,1.4028081232498626,0.48964589696099664,1.9352161974441433,-0.6944655144754144,0.5986299976730997
sadist,0.8257117066623577,1.621634183337438,0.8492431987816017,1.4530316187728265,1.1147445622727288,1.269103359808709,1.3730194499369655,1.2829478189721264
villain,1.371000394473283,1.8701274199099285,1.7377534295079797,1.2144002116351469,1.2139404726266725,1.2147659359991576,0.7702203001742879,1.338562195435233
