train_persona,Aura,default,helpful_assistant,mathematician,neutral_long,pathological_liar,sadist,villain
default,-1.0045361165459337,1.9596047140194486,2.1455613334624726,-0.7571018509068872,0.632600130694054,-1.366186642957464,-0.7906424795507367,0.8210174368550642
helpful_assistant,0.9266460582315992,0.5066543468355199,1.9728195120558858,-0.773181256784631,-0.7845982019635761,1.3360904690185877,0.9329137452214069,1.1859542606131097
pathological_liar,1.4012280529005576,1.6239118034860214,1.0879316685907903,1.443307895228686,0.5565817621404285,1.8450804636160383,-0.7030336476585239,0.489344115815164
sadist,0.8384917096159035,1.673963266580057,0.9174913749983982,1.472706960640239,1.1595927584511694,1.2792942990892564,1.3906233744117125,1.2945900006277058
villain,1.3045886506887152,1.8773918596656123,1.7579942045714003,1.285441211122496,1.2517159063306351,1.5517021222836285,0.8526712526554167,1.3369727985347681
