train_persona,Aura,default,helpful_assistant,mathematician,neutral_long,pathological_liar,sadist,villain
default,2.7016594720283322,7.2903300442992185,6.939073603603496,3.466060708252193,3.6216117716212404,2.789920820376907,2.631471295090995,3.2665679338401294
pathological_liar,3.4231829422690034,3.021898249759026,3.403743227711677,4.134696471234526,4.528278312950486,6.495336631724036,4.053490785481898,4.647884301550354
sadist,2.892708785299217,2.124819700573933,2.5783024932199896,3.2287185075139644,3.2936200917782723,3.441529506023347,6.471323768203499,4.327410877346936
villain,3.4208455432884195,2.802461931687045,3.631781430343435,3.715333435199095,3.9125765143676534,4.516857707573818,4.715606342862411,6.710706216283588
