{
  "layer": 0,
  "activations": "activations/qwen3-emb_8b/pref_main/activations_prompt_last.npz",
  "probe_dir": "results/probes/qwen3_emb_8b_hoo_topic/probes",
  "n_pooled": 9995,
  "n_folds": 13,
  "pooled_pearson_r": 0.6308492996995666,
  "pooled_r2_raw": 0.3681109214448247,
  "pooled_r2_mean_adjusted": 0.39510139898766483,
  "y_std": 5.381032865132612,
  "pred_std": 3.1063742006681334,
  "pred_spread_ratio": 0.5772821461092449,
  "per_topic": {
    "coding": {
      "n_eval": 330,
      "true_mean": 2.1591548784502845,
      "true_std": 3.914380251417908,
      "pred_mean": 1.5342984898875653,
      "pred_std": 2.2386975889002447,
      "train_mean": 1.3871732117135773,
      "within_topic_r": 0.4136676231998421
    },
    "content_generation": {
      "n_eval": 1355,
      "true_mean": 2.3137024288887664,
      "true_std": 4.084748023262953,
      "pred_mean": 1.6212073299872267,
      "pred_std": 2.620819158617564,
      "train_mean": 1.2714192337784396,
      "within_topic_r": 0.527878875361227
    },
    "fiction": {
      "n_eval": 604,
      "true_mean": 3.6576415004122804,
      "true_std": 4.3921272905452895,
      "pred_mean": 2.0554108990761915,
      "pred_std": 2.510777314182803,
      "train_mean": 1.2683344615698031,
      "within_topic_r": 0.5683949298295932
    },
    "harmful_request": {
      "n_eval": 833,
      "true_mean": -6.695556362161308,
      "true_std": 4.376140904656667,
      "pred_mean": -3.2793768272492025,
      "pred_std": 3.1672777867677797,
      "train_mean": 2.1494365132365285,
      "within_topic_r": 0.5910991909420734
    },
    "knowledge_qa": {
      "n_eval": 1699,
      "true_mean": 1.6077727251623317,
      "true_std": 3.6283854505558106,
      "pred_mean": 0.9319039277354353,
      "pred_std": 2.5179176383072033,
      "train_mean": 1.3727117464291156,
      "within_topic_r": 0.4250235440510658
    },
    "math": {
      "n_eval": 2758,
      "true_mean": 4.866269135892559,
      "true_std": 2.9971004334549294,
      "pred_mean": 1.6208650807489484,
      "pred_std": 1.8654365773529342,
      "train_mean": 0.09739240408274072,
      "within_topic_r": 0.12211938643078307
    },
    "model_manipulation": {
      "n_eval": 166,
      "true_mean": -3.1228080526955084,
      "true_std": 5.208983415547654,
      "pred_mean": -1.4326021539622193,
      "pred_std": 3.867723502022789,
      "train_mean": 1.4892080744261076,
      "within_topic_r": 0.5865306339064712
    },
    "persuasive_writing": {
      "n_eval": 230,
      "true_mean": 3.3047634301494506,
      "true_std": 4.074901651367311,
      "pred_mean": 2.66409459623947,
      "pred_std": 2.5288293450061916,
      "train_mean": 1.3681054737179645,
      "within_topic_r": 0.49910003458420676
    },
    "security_legal": {
      "n_eval": 233,
      "true_mean": -3.843529170622789,
      "true_std": 5.629006061131858,
      "pred_mean": -2.5833180953498904,
      "pred_std": 3.322373693421886,
      "train_mean": 1.538039148552677,
      "within_topic_r": 0.6246674214190981
    },
    "sensitive_creative": {
      "n_eval": 70,
      "true_mean": -3.1116948519062313,
      "true_std": 5.959819873769908,
      "pred_mean": -0.6119799724508093,
      "pred_std": 3.684467021518078,
      "train_mean": 1.4445422665450478,
      "within_topic_r": 0.6907438820894893
    },
    "stresstest_other": {
      "n_eval": 1172,
      "true_mean": -0.5398806156697628,
      "true_std": 5.767573096684715,
      "pred_mean": -1.3372712532955342,
      "pred_std": 3.0919649648736742,
      "train_mean": 1.6718652184780074,
      "within_topic_r": 0.5644025074883268
    },
    "summarization": {
      "n_eval": 86,
      "true_mean": 0.5276938293392808,
      "true_std": 3.919651236367555,
      "pred_mean": 2.1243336109286077,
      "pred_std": 2.673421681988524,
      "train_mean": 1.420325236820225,
      "within_topic_r": 0.4263435272322378
    },
    "value_conflict": {
      "n_eval": 459,
      "true_mean": -2.327542385719671,
      "true_std": 5.3995702453625825,
      "pred_mean": -0.7476509095369194,
      "pred_std": 3.4838735700017374,
      "train_mean": 1.5925823312235845,
      "within_topic_r": 0.6389428613754848
    }
  }
}