{
  "directions_dir": "experiments/probe_science/probe_direction_uniqueness/persona_prompt_tracking/output/L32_tb-2",
  "layer": 32,
  "d": 5376,
  "random_seeds": 5,
  "min_tasks": 30,
  "n_train_tasks": 10000,
  "conditions": [
    {
      "experiment": "1b",
      "persona": "baseline",
      "split": null,
      "is_baseline": true,
      "n_matched": 48,
      "n_overlap_train": 0,
      "r_w0": 0.022646495462760874,
      "r_w1": -0.03977442876272526,
      "r_w2": 0.06154377541691945,
      "r_random_0": 0.324041489107644,
      "r_random_1": 0.22928255476324766,
      "r_random_2": 0.05718224625612865,
      "r_random_3": -0.006874565649512236,
      "r_random_4": -0.03815468413218466,
      "r_random_mean": 0.11309540806906468,
      "r_random_std": 0.14028069632797843,
      "r_random_p95_abs": 0.30508970223876475
    },
    {
      "experiment": "1b",
      "persona": "ancient_history_pos_persona",
      "split": null,
      "is_baseline": false,
      "n_matched": 48,
      "n_overlap_train": 0,
      "r_w0": 0.33315613014906154,
      "r_w1": 0.3911248476636844,
      "r_w2": 0.2836387381501072,
      "r_random_0": 0.16089774194273465,
      "r_random_1": -0.045112846275525614,
      "r_random_2": 0.4776547340859734,
      "r_random_3": -0.1074519379159165,
      "r_random_4": 0.20248778349946941,
      "r_random_mean": 0.13769509506734706,
      "r_random_std": 0.20679691615518703,
      "r_random_p95_abs": 0.42262134396867257
    },
    {
      "experiment": "1b",
      "persona": "ancient_history_neg_persona",
      "split": null,
      "is_baseline": false,
      "n_matched": 48,
      "n_overlap_train": 0,
      "r_w0": 0.8074036317252317,
      "r_w1": 0.8463346445178712,
      "r_w2": 0.5383176129465421,
      "r_random_0": -0.7344102569875166,
      "r_random_1": 0.269771190725542,
      "r_random_2": 0.15089907716733653,
      "r_random_3": -0.12448065882141669,
      "r_random_4": -0.7224936749789205,
      "r_random_mean": -0.23214286457899505,
      "r_random_std": 0.42495798600199347,
      "r_random_p95_abs": 0.7320269405857974
    },
    {
      "experiment": "1b",
      "persona": "astronomy_pos_persona",
      "split": null,
      "is_baseline": false,
      "n_matched": 48,
      "n_overlap_train": 0,
      "r_w0": 0.6366859222843227,
      "r_w1": 0.6087669746444231,
      "r_w2": 0.5380850740607446,
      "r_random_0": 0.1377427321821359,
      "r_random_1": 0.2102422151953171,
      "r_random_2": 0.276453329729377,
      "r_random_3": -0.3244392270085218,
      "r_random_4": 0.2736905900844941,
      "r_random_mean": 0.11473792803656044,
      "r_random_std": 0.2253640092427202,
      "r_random_p95_abs": 0.3148420475526928
    },
    {
      "experiment": "1b",
      "persona": "astronomy_neg_persona",
      "split": null,
      "is_baseline": false,
      "n_matched": 48,
      "n_overlap_train": 0,
      "r_w0": 0.564027762197669,
      "r_w1": 0.6635675184690479,
      "r_w2": 0.175014338612638,
      "r_random_0": -0.8203545528227423,
      "r_random_1": 0.2794503649256177,
      "r_random_2": 0.20117493604575007,
      "r_random_3": -0.24456720914754487,
      "r_random_4": -0.6838051925962109,
      "r_random_mean": -0.253620330719026,
      "r_random_std": 0.4466165590590419,
      "r_random_p95_abs": 0.793044680777436
    },
    {
      "experiment": "1b",
      "persona": "cats_pos_persona",
      "split": null,
      "is_baseline": false,
      "n_matched": 48,
      "n_overlap_train": 0,
      "r_w0": 0.555421596324724,
      "r_w1": 0.4795442256082934,
      "r_w2": 0.5045764280676444,
      "r_random_0": 0.4897265139084992,
      "r_random_1": -0.007375526154712771,
      "r_random_2": 0.27359907494319036,
      "r_random_3": -0.37936414333287205,
      "r_random_4": 0.27229529471565794,
      "r_random_mean": 0.12977624281595254,
      "r_random_std": 0.2995314425547493,
      "r_random_p95_abs": 0.4676540397933737
    },
    {
      "experiment": "1b",
      "persona": "cats_neg_persona",
      "split": null,
      "is_baseline": false,
      "n_matched": 48,
      "n_overlap_train": 0,
      "r_w0": 0.791989772672308,
      "r_w1": 0.8113783951677517,
      "r_w2": 0.2780197618186744,
      "r_random_0": -0.7336198961893294,
      "r_random_1": 0.20521543514100338,
      "r_random_2": -0.13573272242292828,
      "r_random_3": -0.06606209545674008,
      "r_random_4": -0.6270532940440655,
      "r_random_mean": -0.271450514594412,
      "r_random_std": 0.35436366165313476,
      "r_random_p95_abs": 0.7123065757602767
    },
    {
      "experiment": "1b",
      "persona": "cheese_pos_persona",
      "split": null,
      "is_baseline": false,
      "n_matched": 48,
      "n_overlap_train": 0,
      "r_w0": 0.5408966883375822,
      "r_w1": 0.506271625892448,
      "r_w2": 0.5517177538262096,
      "r_random_0": 0.40034495864072095,
      "r_random_1": 0.08553714934302896,
      "r_random_2": 0.25620094217377104,
      "r_random_3": -0.3342555981434967,
      "r_random_4": 0.6123815073169141,
      "r_random_mean": 0.2040417918661877,
      "r_random_std": 0.3199388266064872,
      "r_random_p95_abs": 0.5699741975816754
    },
    {
      "experiment": "1b",
      "persona": "cheese_neg_persona",
      "split": null,
      "is_baseline": false,
      "n_matched": 48,
      "n_overlap_train": 0,
      "r_w0": 0.7492397381665149,
      "r_w1": 0.7293556744231493,
      "r_w2": 0.10783158826483347,
      "r_random_0": -0.6207962546601393,
      "r_random_1": 0.4577088510527414,
      "r_random_2": 0.06705849514300732,
      "r_random_3": 0.3067947440556643,
      "r_random_4": -0.6722587259892974,
      "r_random_mean": -0.09229857807960473,
      "r_random_std": 0.46964707940628597,
      "r_random_p95_abs": 0.6619662317234658
    },
    {
      "experiment": "1b",
      "persona": "classical_music_pos_persona",
      "split": null,
      "is_baseline": false,
      "n_matched": 48,
      "n_overlap_train": 0,
      "r_w0": 0.67155602004825,
      "r_w1": 0.6596270918584216,
      "r_w2": 0.6763954627502655,
      "r_random_0": 0.3007755010496511,
      "r_random_1": 0.18883718831152932,
      "r_random_2": -0.04314731753592285,
      "r_random_3": 0.2431024419205272,
      "r_random_4": 0.6155399241012862,
      "r_random_mean": 0.2610215475694142,
      "r_random_std": 0.2122800182232417,
      "r_random_p95_abs": 0.5525870394909591
    },
    {
      "experiment": "1b",
      "persona": "classical_music_neg_persona",
      "split": null,
      "is_baseline": false,
      "n_matched": 48,
      "n_overlap_train": 0,
      "r_w0": 0.8147475199800773,
      "r_w1": 0.8195395426974432,
      "r_w2": 0.10248359981031945,
      "r_random_0": -0.8138485079871816,
      "r_random_1": 0.13696738045841195,
      "r_random_2": 0.39133683630065963,
      "r_random_3": -0.39304694565557746,
      "r_random_4": -0.7698837623149875,
      "r_random_mean": -0.289694999839735,
      "r_random_std": 0.48204666185197226,
      "r_random_p95_abs": 0.8050555588527427
    },
    {
      "experiment": "1b",
      "persona": "cooking_pos_persona",
      "split": null,
      "is_baseline": false,
      "n_matched": 48,
      "n_overlap_train": 0,
      "r_w0": 0.6343405494748757,
      "r_w1": 0.6073821114714101,
      "r_w2": 0.6453686919010247,
      "r_random_0": 0.5119022779574698,
      "r_random_1": -0.21329969499881415,
      "r_random_2": 0.01746871594935613,
      "r_random_3": -0.35633989272631383,
      "r_random_4": 0.3682077509884181,
      "r_random_mean": 0.0655878314340232,
      "r_random_std": 0.33132826833115636,
      "r_random_p95_abs": 0.48316337256365943
    },
    {
      "experiment": "1b",
      "persona": "cooking_neg_persona",
      "split": null,
      "is_baseline": false,
      "n_matched": 48,
      "n_overlap_train": 0,
      "r_w0": 0.6203117681930816,
      "r_w1": 0.5454249868115877,
      "r_w2": 0.1286945561866166,
      "r_random_0": -0.5915047659481618,