{
  "exp1a": {
    "layer": 31,
    "n": 360,
    "n_on_target": 60,
    "n_pos": 25,
    "n_neg": 35,
    "behavioral_r2": 0.23316185596619776,
    "behavioral_r2_on_target": 0.7053379588878423,
    "behavioral_slope": 0.38055296957800455,
    "behavioral_sign_agreement": 0.95,
    "probe_r2": 0.15904155716275,
    "probe_r2_on_target": 0.6532390277503236,
    "probe_slope": 3.2327311286570892,
    "probe_sign_agreement": 0.9166666666666666,
    "beh_probe_r_all": 0.6115602750162122,
    "beh_probe_r_on_target": 0.89766918218586,
    "beh_probe_sign_all": 0.7091988130563798,
    "beh_probe_sign_all_n": 337,
    "beh_probe_sign_on_target": 0.9473684210526315,
    "beh_probe_sign_on_target_n": 57,
    "beh_gt_r_all": 0.48286836297918534,
    "beh_gt_r_on_target": 0.8398440086634198,
    "probe_gt_r_all": 0.39880014689409315,
    "probe_gt_r_on_target": 0.8082320383097441
  },
  "exp1b": {
    "layer": 31,
    "n": 640,
    "n_on_target": 80,
    "n_pos": 40,
    "n_neg": 40,
    "behavioral_r2": 0.32166037035386497,
    "behavioral_r2_on_target": 0.8874835609927099,
    "behavioral_slope": 0.48138381913539335,
    "behavioral_sign_agreement": 1.0,
    "probe_r2": 0.2711164064617512,
    "probe_r2_on_target": 0.8420668346751682,
    "probe_slope": 3.193364466554636,
    "probe_sign_agreement": 0.975,
    "beh_probe_r_all": 0.6492520390645141,
    "beh_probe_r_on_target": 0.9473803800404359,
    "beh_probe_sign_all": 0.7189014539579968,
    "beh_probe_sign_all_n": 619,
    "beh_probe_sign_on_target": 0.975,
    "beh_probe_sign_on_target_n": 80,
    "beh_gt_r_all": 0.5671511001081324,
    "beh_gt_r_on_target": 0.9420634591112802,
    "probe_gt_r_all": 0.5206883967035862,
    "probe_gt_r_on_target": 0.9176419970092742
  },
  "exp1c": {
    "layer": 31,
    "n": 640,
    "n_on_target": 80,
    "n_pos": 40,
    "n_neg": 40,
    "behavioral_r2": 0.2701914682690144,
    "behavioral_r2_on_target": 0.6548776763397574,
    "behavioral_slope": 0.360727363113678,
    "behavioral_sign_agreement": 0.9625,
    "probe_r2": 0.07843743915901892,
    "probe_r2_on_target": 0.3926002409496304,
    "probe_slope": 1.947420938906463,
    "probe_sign_agreement": 0.7875,
    "beh_probe_r_all": 0.6599914694733894,
    "beh_probe_r_on_target": 0.8590014890597567,
    "beh_probe_sign_all": 0.7914438502673797,
    "beh_probe_sign_all_n": 561,
    "beh_probe_sign_on_target": 0.8243243243243243,
    "beh_probe_sign_on_target_n": 74,
    "beh_gt_r_all": 0.5197994500468566,
    "beh_gt_r_on_target": 0.8092451274735964,
    "probe_gt_r_all": 0.28006684766144474,
    "probe_gt_r_on_target": 0.6265782001870397
  },
  "exp1d": {
    "layer": 31,
    "n": 1920,
    "n_on_target": 528,
    "n_pos": 264,
    "n_neg": 264,
    "behavioral_r2": 0.25457639875793797,
    "behavioral_r2_on_target": 0.6023140104453493,
    "behavioral_slope": 0.3344913427749801,
    "behavioral_sign_agreement": 0.9166666666666666,
    "probe_r2": 0.21722353782446266,
    "probe_r2_on_target": 0.4959540100229452,
    "probe_slope": 2.4438110946688227,
    "probe_sign_agreement": 0.7859848484848485,
    "beh_probe_r_all": 0.7748165947175836,
    "beh_probe_r_on_target": 0.8807023190520422,
    "beh_probe_sign_all": 0.6780784097183876,
    "beh_probe_sign_all_n": 1811,
    "beh_probe_sign_on_target": 0.8043478260869565,
    "beh_probe_sign_on_target_n": 506,
    "beh_gt_r_all": 0.504555644857867,
    "beh_gt_r_on_target": 0.7760889191615541,
    "probe_gt_r_all": 0.4660724598433841,
    "probe_gt_r_on_target": 0.7042400230198118
  },
  "exp3": {
    "layer": 31,
    "n": 3000,
    "n_on_target": 44,
    "n_pos": 22,
    "n_neg": 22,
    "behavioral_r2": 0.05482161429109647,
    "behavioral_r2_on_target": 0.8185931978473108,
    "behavioral_slope": 0.37842068645640076,
    "behavioral_sign_agreement": 0.9545454545454546,
    "probe_r2": 0.012213646129613395,
    "probe_r2_on_target": 0.3852684589735722,
    "probe_slope": 1.8687178125138617,
    "probe_sign_agreement": 0.7045454545454546,
    "beh_probe_r_all": 0.5118645855436814,
    "beh_probe_r_on_target": 0.7697381101745366,
    "beh_probe_sign_all": 0.6311270125223614,
    "beh_probe_sign_all_n": 2795,
    "beh_probe_sign_on_target": 0.75,
    "beh_probe_sign_on_target_n": 44,
    "beh_gt_r_all": 0.23414015950087774,
    "beh_gt_r_on_target": 0.9047614038227483,
    "probe_gt_r_all": 0.1105153660339294,
    "probe_gt_r_on_target": 0.6206999750069047
  }
}