{
  "ethical": {
    "isolated": {
      "non_critical_only": {
        "-0.05": {
          "rate_specific": 0.4444444444444444,
          "rate_vague": 0.2,
          "rate_refused": 0.0,
          "rate_unaware": 0.35555555555555557,
          "rate_none": 0.0,
          "n": 45
        },
        "-0.03": {
          "rate_specific": 0.4444444444444444,
          "rate_vague": 0.24444444444444444,
          "rate_refused": 0.0,
          "rate_unaware": 0.3111111111111111,
          "rate_none": 0.0,
          "n": 45
        },
        "0.03": {
          "rate_specific": 0.4666666666666667,
          "rate_vague": 0.35555555555555557,
          "rate_refused": 0.0,
          "rate_unaware": 0.17777777777777778,
          "rate_none": 0.0,
          "n": 45
        },
        "0.05": {
          "rate_specific": 0.4444444444444444,
          "rate_vague": 0.26666666666666666,
          "rate_refused": 0.0,
          "rate_unaware": 0.28888888888888886,
          "rate_none": 0.0,
          "n": 45
        }
      }
    }
  },
  "benign_twin": {
    "isolated": {
      "non_critical_only": {
        "-0.05": {
          "rate_specific": 0.022222222222222223,
          "rate_vague": 0.044444444444444446,
          "rate_refused": 0.0,
          "rate_unaware": 0.0,
          "rate_none": 0.9333333333333333,
          "n": 45
        },
        "-0.03": {
          "rate_specific": 0.022222222222222223,
          "rate_vague": 0.13333333333333333,
          "rate_refused": 0.0,
          "rate_unaware": 0.0,
          "rate_none": 0.8444444444444444,
          "n": 45
        },
        "0.03": {
          "rate_specific": 0.0,
          "rate_vague": 0.06666666666666667,
          "rate_refused": 0.0,
          "rate_unaware": 0.0,
          "rate_none": 0.9333333333333333,
          "n": 45
        },
        "0.05": {
          "rate_specific": 0.0,
          "rate_vague": 0.044444444444444446,
          "rate_refused": 0.0,
          "rate_unaware": 0.0,
          "rate_none": 0.9555555555555556,
          "n": 45
        }
      }
    }
  }
}