{
  "broad": [
    {
      "name": "stem_enthusiast",
      "n_tasks": 91,
      "mean_delta": 0.009401130855218568,
      "category_means": {
        "coding": {
          "mean": 0.2295589408012009,
          "n": 6
        },
        "content_generation": {
          "mean": -0.10869684580984891,
          "n": 9
        },
        "fiction": {
          "mean": -0.31079236220006345,
          "n": 8
        },
        "harmful_request": {
          "mean": -0.05216458153211804,
          "n": 21
        },
        "knowledge_qa": {
          "mean": -0.08035671480626862,
          "n": 17
        },
        "math": {
          "mean": 0.266190311850418,
          "n": 21
        },
        "model_manipulation": {
          "mean": -0.04492471752533673,
          "n": 3
        },
        "other": {
          "mean": -0.05238095238095239,
          "n": 1
        },
        "persuasive_writing": {
          "mean": -0.15153508771929822,
          "n": 3
        },
        "security_legal": {
          "mean": 0.22802197802197804,
          "n": 2
        }
      },
      "expected_positive": [
        "math",
        "coding"
      ],
      "expected_negative": [
        "fiction",
        "content_generation"
      ],
      "hits": 4,
      "total_expected": 4
    },
    {
      "name": "creative_writer",
      "n_tasks": 101,
      "mean_delta": 0.09344325205833957,
      "category_means": {
        "coding": {
          "mean": -0.015288929336916965,
          "n": 7
        },
        "content_generation": {
          "mean": 0.12496481846327051,
          "n": 11
        },
        "fiction": {
          "mean": 0.3414103887168903,
          "n": 10
        },
        "harmful_request": {
          "mean": 0.08640072763248348,
          "n": 21
        },
        "knowledge_qa": {
          "mean": 0.006501427494074568,
          "n": 20
        },
        "math": {
          "mean": 0.0021596996055200457,
          "n": 21
        },
        "model_manipulation": {
          "mean": 0.21915535444947212,
          "n": 3
        },
        "other": {
          "mean": 0.18333333333333335,
          "n": 1
        },
        "persuasive_writing": {
          "mean": 0.4192982456140351,
          "n": 3
        },
        "security_legal": {
          "mean": -0.09999999999999998,
          "n": 2
        },
        "sensitive_creative": {
          "mean": 0.29615384615384616,
          "n": 1
        },
        "summarization": {
          "mean": 0.5714285714285714,
          "n": 1
        }
      },
      "expected_positive": [
        "fiction",
        "content_generation",
        "persuasive_writing"
      ],
      "expected_negative": [
        "math",
        "coding"
      ],
      "hits": 3,
      "total_expected": 5
    },
    {
      "name": "philosopher",
      "n_tasks": 98,
      "mean_delta": -0.008636806107899811,
      "category_means": {
        "coding": {
          "mean": -0.09068575473374237,
          "n": 7
        },
        "content_generation": {
          "mean": -0.07048972699127498,
          "n": 11
        },
        "fiction": {
          "mean": 0.04674961691215562,
          "n": 8
        },
        "harmful_request": {
          "mean": 0.08777917374777172,
          "n": 21
        },
        "knowledge_qa": {
          "mean": 0.014001427494074552,
          "n": 20
        },
        "math": {
          "mean": -0.18666088684277535,
          "n": 20
        },
        "model_manipulation": {
          "mean": 0.1802664655605832,
          "n": 3
        },
        "other": {
          "mean": 0.18333333333333335,
          "n": 1
        },
        "persuasive_writing": {
          "mean": 0.3026315789473684,
          "n": 3
        },
        "security_legal": {
          "mean": -0.024999999999999994,
          "n": 2
        },
        "sensitive_creative": {
          "mean": -0.05384615384615385,
          "n": 1
        },
        "summarization": {
          "mean": 0.2714285714285714,
          "n": 1
        }
      },
      "expected_positive": [
        "knowledge_qa",
        "persuasive_writing"
      ],
      "expected_negative": [],
      "hits": 1,
      "total_expected": 2
    },
    {
      "name": "trivia_nerd",
      "n_tasks": 101,
      "mean_delta": 0.027158728869178562,
      "category_means": {
        "coding": {
          "mean": 0.0016283638961657504,
          "n": 7
        },
        "content_generation": {
          "mean": -0.1341260906276386,
          "n": 11
        },
        "fiction": {
          "mean": -0.11358961128310974,
          "n": 10
        },
        "harmful_request": {
          "mean": 0.030636316604914574,
          "n": 21
        },
        "knowledge_qa": {
          "mean": 0.059001427494074554,
          "n": 20
        },
        "math": {
          "mean": 0.18022987504411653,
          "n": 21
        },
        "model_manipulation": {
          "mean": -0.047511312217194575,
          "n": 3
        },
        "other": {
          "mean": -0.016666666666666663,
          "n": 1
        },
        "persuasive_writing": {
          "mean": -0.024561403508771933,
          "n": 3
        },
        "security_legal": {
          "mean": 0.07500000000000002,
          "n": 2
        },
        "sensitive_creative": {
          "mean": -0.05384615384615385,
          "n": 1
        },
        "summarization": {
          "mean": -0.12857142857142856,
          "n": 1
        }
      },
      "expected_positive": [
        "knowledge_qa"
      ],
      "expected_negative": [
        "fiction",
        "coding"
      ],
      "hits": 2,
      "total_expected": 3
    },
    {
      "name": "hacker",
      "n_tasks": 101,
      "mean_delta": 0.005637103022383352,
      "category_means": {
        "coding": {
          "mean": 0.290350168407444,
          "n": 7
        },
        "content_generation": {
          "mean": -0.09776245426400224,
          "n": 11
        },
        "fiction": {
          "mean": -0.07858961128310972,
          "n": 10
        },
        "harmful_request": {
          "mean": -0.03302283126475961,
          "n": 21
        },
        "knowledge_qa": {
          "mean": -0.13349857250592545,
          "n": 20
        },
        "math": {
          "mean": 0.17358827103409144,
          "n": 21
        },
        "model_manipulation": {
          "mean": -0.014177978883861233,
          "n": 3
        },
        "other": {
          "mean": -0.016666666666666663,
          "n": 1
        },
        "persuasive_writing": {
          "mean": -0.014035087719298215,
          "n": 3
        },
        "security_legal": {
          "mean": 0.2,
          "n": 2
        },
        "sensitive_creative": {
          "mean": -0.15384615384615385,
          "n": 1
        },
        "summarization": {
          "mean": -0.028571428571428525,
          "n": 1
        }
      },
      "expected_positive": [
        "coding",
        "math"
      ],
      "expected_negative": [
        "fiction",
        "content_generation"
      ],
      "hits": 4,
      "total_expected": 4
    },
    {
      "name": "edgelord",
      "n_tasks": 101,
      "mean_delta": 0.11968666587340528,
      "category_means": {
        "coding": {
          "mean": 0.14899678494879737,
          "n": 7
        },
        "content_generation": {
          "mean": -0.03412609062763861,
          "n": 11
        },
        "fiction": {
          "mean": 0.2314103887168903,
          "n": 10
        },
        "harmful_request": {
          "mean": 0.2554761940763709,
          "n": 21
        },
        "knowledge_qa": {
          "mean": -0.01599857250592544,
          "n": 20
        },
        "math": {
          "mean": 0.03549303293885338,
          "n": 21
        },
        "model_manipulation": {
          "mean": 0.3024886877828054,
          "n": 3
        },
        "other": {
          "mean": -0.016666666666666663,
          "n": 1
        },